Name,Hyperlink,Relations,Species,Origin,Gender,Status
Abandoned Jerrys,https://rickandmorty.fandom.com/wiki/Abandoned_Jerrys,['Jerry Smith'],Human,Earth,Male,Dead
Abrodolph Lincoler,https://rickandmorty.fandom.com/wiki/Abrodolph_Lincoler,"['Rick Sanchez', 'Brad', 'Morty Smith', 'Nancy']",Human,unknown,Male,Dead
Adam,https://rickandmorty.fandom.com/wiki/Adam,[],Humanoid,Narnia Dimension,Male,Dead
Adjudicator Rick,https://rickandmorty.fandom.com/wiki/Adjudicator_Rick,['Evil Morty'],Human,unknown,Male,Dead
Afro Rick,https://rickandmorty.fandom.com/wiki/Afro_Rick,"['Rick Sanchez', 'Morty Smith', 'Council of Ricks', 'Alien Rick', 'Juggling Rick', 'Western Rick', 'Evil Morty']",Human,Earth (Dimension E-33),Male,Dead
Agent Gribbles,https://rickandmorty.fandom.com/wiki/Agent_Gribbles,"['Gromflomites', 'Rick Sanchez', 'Jerry Smith']",Gromflomite,unknown,Male,unknown
Alan Rails,https://rickandmorty.fandom.com/wiki/Alan_Rails,"['Supernova', 'Million Ants']",Human,unknown,Male,Dead
Albert Einstein,https://rickandmorty.fandom.com/wiki/Albert_Einstein,"['Rick Sanchez', 'Morty Smith', 'Shleemypants']",Human,Earth (C-137),Male,Dead
Alexander,https://rickandmorty.fandom.com/wiki/Alexander,"['Dr. Xenon Bloom', 'Ruben', 'Poncho', 'Morty Smith', 'Rick Sanchez']",Human,Earth (C-137),Male,Dead
Alien Googah,https://rickandmorty.fandom.com/wiki/Alien_Googah,"['The President', 'Rick Sanchez', 'Morty Smith']",Alien,unknown,Genderless,unknown
Alien Morty,https://rickandmorty.fandom.com/wiki/Alien_Morty,"['Alien Rick', 'Morty Smith']",Alien,unknown,Male,Dead
Alien Rick,https://rickandmorty.fandom.com/wiki/Alien_Rick,"['Alien Morty', 'Rick Sanchez', 'Council of Ricks', 'Afro Rick', 'Morty Smith']",Alien,unknown,Male,Dead
Alyson Hannigan,https://rickandmorty.fandom.com/wiki/Alyson_Hannigan,"['Morty Smith', 'Summer Smith', 'Bruce Chutback', 'Space Cruiser']",Alien,unknown,Female,Dead
Amfiddians,https://rickandmorty.fandom.com/wiki/Amfiddians,"['Morty Smith', 'Birdperson', 'Tammy Guterman']",Humanoid,unknown,Genderless,unknown
Amish Cyborg,https://rickandmorty.fandom.com/wiki/Amish_Cyborg,"['Memory Parasites', 'Hamurai']",Alien,unknown,Male,Dead
Annie,https://rickandmorty.fandom.com/wiki/Annie,"['Morty Smith', 'Ruben', 'Dr. Xenon Bloom', 'Poncho', 'Rick Sanchez', 'Ethan', 'Diane Sanchez']",Human,Earth (C-137),Female,Dead
Antenna Morty,https://rickandmorty.fandom.com/wiki/Antenna_Morty,"['Morty Smith', 'Evil Rick Sanchez', 'Evil Morty']",Human,The Citadel,Male,Dead
Antenna Rick,https://rickandmorty.fandom.com/wiki/Antenna_Rick,"['Antenna Morty', 'Rick Sanchez', 'Council of Ricks', 'The Scientist Formerly Known as Rick', 'Alien Rick']",Human,unknown,Male,Dead
Ants in my Eyes Johnson,https://rickandmorty.fandom.com/wiki/Ants_in_my_Eyes_Johnson,[],Human,unknown,Male,unknown
Aqua Morty,https://rickandmorty.fandom.com/wiki/Aqua_Morty,"['Aqua Rick', 'Morty Smith', 'Rick Sanchez']",Humanoid,unknown,Male,Dead
Aqua Rick,https://rickandmorty.fandom.com/wiki/Aqua_Rick,"['Aqua Morty', 'Rick Sanchez', 'Morty Smith', 'Evil Morty']",Humanoid,unknown,Male,Dead
Arcade Alien,https://rickandmorty.fandom.com/wiki/Arcade_Alien,['Rick Sanchez'],Alien,unknown,Male,unknown
Armagheadon,https://rickandmorty.fandom.com/wiki/Armagheadon,"['Cromulons', 'Principal Vagina']",Alien,Signus 5 Expanse,Male,Dead
Armothy,https://rickandmorty.fandom.com/wiki/Armothy,"['Morty Smith', 'Rick Sanchez', 'Jerry Smith', 'Beth Smith']",Human Part,Post-Apocalyptic Earth,Male,Dead
Arthricia,https://rickandmorty.fandom.com/wiki/Arthricia,"['Morty Smith', 'Rick Sanchez', 'Katherine Heffelfinger', 'Jessica', 'Annie']",Alien,Purge Planet,Female,Dead
Artist Morty,https://rickandmorty.fandom.com/wiki/Artist_Morty,['Morty Smith'],Human,unknown,Male,Dead
Attila Starwar,https://rickandmorty.fandom.com/wiki/Attila_Starwar,[],Human,unknown,Male,Dead
Baby Legs,https://rickandmorty.fandom.com/wiki/Baby_Legs,['Regular Legs'],Human,unknown,Male,Alive
Baby Poopybutthole,https://rickandmorty.fandom.com/wiki/Baby_Poopybutthole,"['Mr. Poopybutthole', 'Mrs. Poopybutthole']",Poopybutthole,unknown,Male,Dead
Baby Wizard,https://rickandmorty.fandom.com/wiki/Baby_Wizard,"['Memory Parasites', 'Morty Smith', 'Duck with Muscles', 'Reverse Giraffe']",Alien,unknown,Male,Dead
Balthromaw,https://rickandmorty.fandom.com/wiki/Balthromaw,"['Morty Smith', 'Rick Sanchez', 'Summer Smith', 'Talking Cat']",Mythological Creature,Draygon,Male,Dead
Bearded Lady,https://rickandmorty.fandom.com/wiki/Bearded_Lady,"['Memory Parasites', 'Rick Sanchez']",Alien,unknown,Female,Dead
Beebo,https://rickandmorty.fandom.com/wiki/Beebo,"['Rick Sanchez', 'Morty Smith']",Alien,Venzenulon 7,Male,Dead
Benjamin,https://rickandmorty.fandom.com/wiki/Benjamin,[],Poopybutthole,unknown,Male,Dead
Bepisians,https://rickandmorty.fandom.com/wiki/Bepisians,"['Shrimply Pibbles', 'Jerry Smith']",Humanoid,unknown,Genderless,unknown
Beta-Seven,https://rickandmorty.fandom.com/wiki/Beta-Seven,"['Unity', 'Rick Sanchez']",Alien,unknown,Genderless,Dead
Beth Sanchez (C-137),https://rickandmorty.fandom.com/wiki/Beth_Sanchez_(C-137),"['Rick Sanchez', 'Diane Sanchez', ""Rick's Father"", ""Rick's Foal"", 'Morty Smith', 'Weird Rick', 'Birdperson', 'Memory Rick']",Human,Earth (C-137),Female,Dead
Beth Sanchez (C-500A),https://rickandmorty.fandom.com/wiki/Beth_Sanchez_(C-500A),"['Jerry Smith (C-500A)', 'Beth Smith', 'Rick Sanchez', 'Kristen Stewart', 'Jerry Smith']",Human,Earth (C-500A),Female,Dead
Beth Sanchez (Simple Rick's Dimension),https://rickandmorty.fandom.com/wiki/Beth_Sanchez_(Simple_Rick%27s_Dimension),"['Simple Rick', 'Beth Sanchez (C-500A)']",Human,Simple Rick's Dimension,Female,Dead
Beth Smith,https://rickandmorty.fandom.com/wiki/Beth_Smith,"['Thomas Lipnip', 'Jerry Smith', 'Summer Smith', 'Morty Smith (Replacement Dimension)', 'Morty Smith', 'Leonard Smith', 'Joyce Smith', 'Hemorrhage', 'Morty Jr.', 'Naruto Smith', 'Rick Sanchez (Replacement Dimension)', 'Rick Sanchez', 'Diane Sanchez', ""Rick's Father"", 'Sleepy Gary', 'Davin', 'Dr. Wong', 'Snuffles', 'Jerry Smith (Cronenberged dimension)', 'Summer Smith (Cronenberged dimension)', 'Jaguar', 'Mr. Poopybutthole', 'Planetina', 'Ethan', 'Poñeta']",Human,Earth (C-137),Female,Dead
Beth Smith (Evil Rick's Target Dimension),https://rickandmorty.fandom.com/wiki/Beth_Smith_(Evil_Rick%27s_Target_Dimension),"[""Jerry Smith (Evil Rick's Target Dimension)"", ""Summer Smith (Evil Rick's Target Dimension)"", ""Morty Smith (Evil Rick's Target Dimension)"", ""Rick Sanchez (Evil Rick's Target Dimension)"", 'Beth Smith', 'Evil Rick Sanchez', 'Evil Morty', 'Rick Sanchez', 'Morty Smith', 'Summer Smith', 'Jerry Smith']",Human,unknown,Female,Dead
Beth's Mytholog,https://rickandmorty.fandom.com/wiki/Beth%27s_Mytholog,"['Beth Smith', ""Jerry's Mytholog"", 'Ideal Jerry', 'Goddess Beth']",Mythological Creature,Nuptia 4,Female,Dead
Big Boobed Waitress,https://rickandmorty.fandom.com/wiki/Big_Boobed_Waitress,"['Rick Sanchez', 'Morty Smith', 'Mr. Booby Buyer']",Mythological Creature,Fantasy World,Female,Dead
Big Fat Rick,https://rickandmorty.fandom.com/wiki/Big_Fat_Rick,"['Ricardo Montoya', 'Hothead Rick', 'Little Ricky Wrap-it-up', 'Rick Sanchez']",Human,unknown,Male,Dead
Big Morty,https://rickandmorty.fandom.com/wiki/Big_Morty,"['Morty Smith', 'Mortytown Locos']",Human,unknown,Male,Dead
Big Morty's Bodyguard Mortys,https://rickandmorty.fandom.com/wiki/Big_Morty%27s_Bodyguard_Mortys,['Big Morty'],Human,unknown,Male,Dead
Big-Head Morty,https://rickandmorty.fandom.com/wiki/Big-Head_Morty,"['Morty Smith', 'Summer Smith', 'Council of Ricks']",Humanoid,unknown,Male,Dead
Bill (Dog),https://rickandmorty.fandom.com/wiki/Bill_(Dog),['Snuffles'],Animal,unknown,Male,Dead
Birdperson's Daughter,https://rickandmorty.fandom.com/wiki/Birdperson%27s_Daughter,"['Birdperson', 'Tammy Guterman', 'Gromflomites']",Bird Person,unknown,Genderless,Dead
Blamphs,https://rickandmorty.fandom.com/wiki/Blamphs,[],Alien,unknown,Genderless,unknown
Blazen,https://rickandmorty.fandom.com/wiki/Blazen,"['Kathy Ireland', 'Rick Sanchez', 'Morty Smith', 'Sticky']",Human,Earth (Replacement Dimension),Male,Dead
Blim Blam,https://rickandmorty.fandom.com/wiki/Blim_Blam,"['Rick Sanchez', 'Beth Smith', 'Jerry Smith', 'Summer Smith', 'Morty Smith']",Alien,unknown,Male,Dead
Blue Footprint Guy,https://rickandmorty.fandom.com/wiki/Blue_Footprint_Guy,"['Rick Sanchez', 'Morty Smith']",Human,Post-Apocalyptic Earth,Male,Dead
Blue Shirt Morty,https://rickandmorty.fandom.com/wiki/Blue_Shirt_Morty,"['Yellow Shirt Rick', 'Morty Smith', 'Rick Sanchez', 'Council of Ricks']",Human,The Citadel,Male,unknown
Bobby Moynihan,https://rickandmorty.fandom.com/wiki/Bobby_Moynihan,"['Rick Sanchez', 'Morty Smith', 'Piece of Toast', 'Two Guys with Handlebar Mustaches', 'Man Painted Silver Who Makes Robot Noises', 'Garmanarnar', 'Three Unknown Things', 'Hole in the Wall Where the Men Can See it All']",Human,unknown,Male,Alive
Boobloosians,https://rickandmorty.fandom.com/wiki/Boobloosians,"['David Prime', 'Beth Smith', 'Jerry Smith', 'Tammy Guterman', 'Birdperson']",Alien,unknown,Genderless,unknown
Bootleg Portal Chemist Rick,https://rickandmorty.fandom.com/wiki/Bootleg_Portal_Chemist_Rick,"['Mortytown Locos', 'Evil Morty']",Human,unknown,Male,Dead
Borpocians,https://rickandmorty.fandom.com/wiki/Borpocians,['Gromflomites'],Humanoid,unknown,Genderless,Dead
Bova,https://rickandmorty.fandom.com/wiki/Bova,"['Hoovy', 'Japheth', 'Rick Sanchez']",Humanoid,Narnia Dimension,Female,Dead
Brad,https://rickandmorty.fandom.com/wiki/Brad,"['Jessica', 'Morty Smith', 'Summer Smith', 'Rick Sanchez', 'Principal Vagina', 'Mr. Goldenfold', 'Tammy Guterman', 'Holly Hooks', 'Abrodolph Lincoler', 'Squanchy', 'Tricia Lange', 'Cynthia (Rixty Minutes)', 'Kiara', 'Bruce Chutback']",Human,Earth (Replacement Dimension),Male,Dead
Brad Anderson,https://rickandmorty.fandom.com/wiki/Brad_Anderson,"['Morty Smith', 'Morty Jr.']",Human,Earth (Replacement Dimension),Male,Dead
Bruce Chutback,https://rickandmorty.fandom.com/wiki/Bruce_Chutback,"['Morty Smith', 'Rick Sanchez', 'Brad']",Human,Earth (Replacement Dimension),Male,Dead
Bullies,https://rickandmorty.fandom.com/wiki/Bullies,"['Morty Smith', 'The Garage']",Human,unknown,Male,Dead
Butter Robot,https://rickandmorty.fandom.com/wiki/Butter_Robot,"['Rick Sanchez', 'Morty Smith']",Robot,Earth (Replacement Dimension),Genderless,Alive
Buttmouth,https://rickandmorty.fandom.com/wiki/Buttmouth,[],Alien,Planet 840-3GG,Genderless,Dead
Calypso,https://rickandmorty.fandom.com/wiki/Calypso,"['Lady Katana', 'Diablo Verde']",Human,unknown,Female,Dead
Canklanker Thom,https://rickandmorty.fandom.com/wiki/Canklanker_Thom,"['Gromflomites', 'Rick Sanchez']",Alien,Gromflom Prime,Male,Dead
Centaur,https://rickandmorty.fandom.com/wiki/Centaur,"['Mrs. Pancakes', 'Mr. Goldenfold']",Mythological Creature,unknown,Male,Dead
Chris (The Ricks Must Be Crazy),https://rickandmorty.fandom.com/wiki/Chris_(The_Ricks_Must_Be_Crazy),"['Chris', 'Zeep Xanflorp']",Alien,Rick's Battery Microverse,Male,Dead
Chud King,https://rickandmorty.fandom.com/wiki/Chud_King,"['Poñeta', ""Rick's Foal"", 'The President', 'Rick Sanchez', 'Morty Smith', 'Sticky']",Chud,unknown,Male,Dead
Coach Feratu,https://rickandmorty.fandom.com/wiki/Coach_Feratu,"['Rick Sanchez', 'Tiny Rick', 'Morty Smith', 'Vampire Master']",Vampire,unknown,Male,Dead
Colossus,https://rickandmorty.fandom.com/wiki/Colossus,"['Rick Sanchez', 'Morty Smith']",Human,Post-Apocalyptic Earth,Male,Dead
Comedian,https://rickandmorty.fandom.com/wiki/Comedian,[],Human,unknown,Male,unknown
Commander Rick,https://rickandmorty.fandom.com/wiki/Commander_Rick,"['Rick Sanchez', 'Rick Sanchez (D-99)', 'Quantum Rick', 'Council of Ricks', 'Beth Sanchez (C-137)']",Human,unknown,Male,Dead
Concerto,https://rickandmorty.fandom.com/wiki/Concerto,"['Rick Sanchez', 'Morty Smith', 'Jaguar']",Humanoid,unknown,Male,Dead
Conroy,https://rickandmorty.fandom.com/wiki/Conroy,['Jerry Smith (Cronenberged dimension)'],Robot,Earth (Replacement Dimension),Genderless,Dead
Cool Rick,https://rickandmorty.fandom.com/wiki/Cool_Rick,"['Regional Manager Rick', 'Rick Sanchez (J-22)']",Human,Earth (K-83),Male,Dead
Coop,https://rickandmorty.fandom.com/wiki/Coop,[],Human,Earth (Replacement Dimension),Male,Dead
Council of Ricks,https://rickandmorty.fandom.com/wiki/Council_of_Ricks,"['Rick Prime', 'Quantum Rick', 'Maximums Rickimus', 'Zeta Alpha Rick', 'Ricktiminus Sancheziminius', 'Riq IV', 'Shadow Council of Ricks', 'Rick Sanchez', 'The Scientist Formerly Known as Rick', 'SEAL Team Ricks', 'Evil Morty', 'Evil Rick Sanchez', 'Morty Smith', 'Summer Smith']",Human,unknown,Genderless,Dead
Courier Flap,https://rickandmorty.fandom.com/wiki/Courier_Flap,"['Rick Sanchez', 'Birdperson']",Alien,unknown,Genderless,Alive
Cousin Nicky,https://rickandmorty.fandom.com/wiki/Cousin_Nicky,"['Memory Parasites', 'Mr. Poopybutthole', 'Mr. Beauregard', 'Rick Sanchez']",Alien,unknown,Male,Dead
Crocubot,https://rickandmorty.fandom.com/wiki/Crocubot,"['Rick Sanchez', 'Worldender']",Animal,unknown,Male,Dead
Cromulons,https://rickandmorty.fandom.com/wiki/Cromulons,"['Armagheadon', 'Rick Sanchez', 'General Nathan', 'Principal Vagina']",Alien,unknown,Genderless,unknown
Cronenberg Morty,https://rickandmorty.fandom.com/wiki/Cronenberg_Morty,"['Cronenberg Rick', 'Morty Smith', 'Rick Sanchez']",Cronenberg,Cronenberg Earth,Male,Dead
Cronenberg Rick,https://rickandmorty.fandom.com/wiki/Cronenberg_Rick,"['Cronenberg Morty', 'Rick Sanchez', 'Morty Smith', 'Summer Smith (Cronenberged dimension)']",Cronenberg,Cronenberg Earth,Male,Dead
Crop Top Morty,https://rickandmorty.fandom.com/wiki/Crop_Top_Morty,['Morty Smith'],Human,unknown,Male,Dead
Crowscare,https://rickandmorty.fandom.com/wiki/Crowscare,"['Rick Sanchez', 'Two Crows']",Living Scarecrow,unknown,Male,Dead
Crustolomons,https://rickandmorty.fandom.com/wiki/Crustolomons,"['Evil Rick Sanchez', 'Evil Morty']",Alien,unknown,Genderless,unknown
Crystallized Morty,https://rickandmorty.fandom.com/wiki/Crystallized_Morty,"['Morty Smith', 'Evil Morty', 'Trunk Morty']",Human,unknown,Genderless,Dead
Cult Leader Morty,https://rickandmorty.fandom.com/wiki/Cult_Leader_Morty,"['Evil Rick Sanchez', 'The One True Morty', 'Morty Smith']",Human,unknown,Male,Dead
Curly-haired Rick,https://rickandmorty.fandom.com/wiki/Curly-haired_Rick,['Rick Sanchez'],Human,unknown,Male,unknown
Cyclops Morty,https://rickandmorty.fandom.com/wiki/Cyclops_Morty,"['Cyclops Rick', 'Morty Smith']",Humanoid,Earth (Cyclops),Male,Dead
Cyclops Rick,https://rickandmorty.fandom.com/wiki/Cyclops_Rick,"['Cyclops Morty', 'Rick Sanchez', 'Morty Smith', 'Solicitor Rick', 'Evil Morty']",Humanoid,Earth (Cyclops),Male,Dead
Cynthia (Rixty Minutes),https://rickandmorty.fandom.com/wiki/Cynthia_(Rixty_Minutes),"['Cynthia', 'Rick Sanchez', 'Morty Smith', 'Mr. Goldenfold', 'Abrodolph Lincoler', 'Brad']",Human,Cronenberg Earth,Female,Dead
Dale,https://rickandmorty.fandom.com/wiki/Dale,"['Rose', ""Dale's Son"", 'Rick Sanchez', 'Morty Smith']",Mythological Creature,Giant's Town,Male,Dead
Dale's Son,https://rickandmorty.fandom.com/wiki/Dale%27s_Son,"['Dale', 'Rose', 'Rick Sanchez', 'Morty Smith']",Giant,unknown,Male,Dead
Dangelians,https://rickandmorty.fandom.com/wiki/Dangelians,"['Rick Sanchez', 'Kozbians']",Alien,unknown,Genderless,unknown
Daphne,https://rickandmorty.fandom.com/wiki/Daphne,[],Alien,Morglutz,Female,Dead
Daron Jefferson,https://rickandmorty.fandom.com/wiki/Daron_Jefferson,"['Nippalians', 'Unity']",Alien,Unity's Planet,Male,Dead
Darth Poopybutthole,https://rickandmorty.fandom.com/wiki/Darth_Poopybutthole,"['Evil Morty', 'Rick Sanchez', 'Morty Smith', 'Mr. Meeseeks', 'Gazorpians', 'Mr. Poopybutthole', 'Jesus Christ']",Poopybutthole,Ricks’s Story,Male,Dead
Dave,https://rickandmorty.fandom.com/wiki/Dave,['Roy'],Human,unknown,Male,Dead
David Letterman,https://rickandmorty.fandom.com/wiki/David_Letterman,['Jerry Smith'],Human,Earth (C-500A),Male,Alive
David Prime,https://rickandmorty.fandom.com/wiki/David_Prime,['Boobloosians'],Alien,unknown,Genderless,Dead
Davin,https://rickandmorty.fandom.com/wiki/Davin,"['Jerry Smith (Cronenberged dimension)', 'Morty Smith', 'Brad']",Human,Earth (C-137),Male,Dead
Da’hou Ungherstahnk,https://rickandmorty.fandom.com/wiki/Da%E2%80%99hou_Ungherstahnk,['Flansians'],Alien,unknown,Female,Dead
Defiance Doctor,https://rickandmorty.fandom.com/wiki/Defiance_Doctor,['Rick Sanchez'],Alien,unknown,Male,Alive
Delta,https://rickandmorty.fandom.com/wiki/Delta,[],Robot,unknown,Genderless,unknown
Diablo Verde,https://rickandmorty.fandom.com/wiki/Diablo_Verde,"['Lady Katana', 'Calypso', 'Doom-Nomitron']",Mythological Creature,unknown,Male,Dead
Diane Sanchez,https://rickandmorty.fandom.com/wiki/Diane_Sanchez,"['Rick Sanchez', 'Beth Sanchez (C-137)', ""Rick's Father"", 'Weird Rick', 'Mr. Nimbus', 'Birdperson', 'Jessica', 'Space Cruiser', 'The Garage']",Human,Earth (C-137),Female,Dead
Diesel Weasel,https://rickandmorty.fandom.com/wiki/Diesel_Weasel,['Planetina'],Animal,Earth (Replacement Dimension),Male,Dead
Dipper and Mabel Mortys,https://rickandmorty.fandom.com/wiki/Dipper_and_Mabel_Mortys,"['Morty Smith', 'Summer Smith']",Human,unknown,Both,Dead
Diseases,https://rickandmorty.fandom.com/wiki/Diseases,"['Ruben', 'Poncho', 'Morty Smith', 'Annie', 'Dr. Xenon Bloom']",Monster,unknown,Genderless,Dead
Donna Guterman,https://rickandmorty.fandom.com/wiki/Donna_Guterman,"['Pat Guterman', 'Tammy Guterman', 'Birdperson', 'Jerry Smith', 'Beth Smith', 'Summer Smith']",Robot,unknown,Genderless,Dead
Doofus Rick,https://rickandmorty.fandom.com/wiki/Doofus_Rick,"['Rick Sanchez (J19α7)', 'Rick Sanchez', 'Jerry Smith', 'Eric Stoltz Mask Morty']",Human,Earth (J19ζ7),Male,Dead
Doom-Nomitron,https://rickandmorty.fandom.com/wiki/Doom-Nomitron,"['Rick Sanchez', 'Morty Smith', 'Lady Katana', 'Diablo Verde', 'Calypso']",Alien,unknown,Genderless,Dead
Dr. Glip-Glop,https://rickandmorty.fandom.com/wiki/Dr._Glip-Glop,['Rick Sanchez'],Alien,unknown,Male,Dead
Dr. Schmidt,https://rickandmorty.fandom.com/wiki/Dr._Schmidt,[],Human,Roy: A Life Well Lived,Male,unknown
Dr. Wong,https://rickandmorty.fandom.com/wiki/Dr._Wong,"['Beth Smith', 'Jerry Smith', 'Pickle Rick (character)', 'Tammy Guterman', 'Mr. Goldenfold', 'Gromflomites']",Human,Earth (Replacement Dimension),Female,Dead
Dr. Xenon Bloom,https://rickandmorty.fandom.com/wiki/Dr._Xenon_Bloom,"['Rick Sanchez', 'Ruben', 'Poncho', 'Roger', 'Annie', 'Diseases', 'Morty Smith', 'Ethan']",Humanoid,unknown,Male,Dead
Duck with Muscles,https://rickandmorty.fandom.com/wiki/Duck_with_Muscles,"['Memory Parasites', 'Baby Wizard', 'Morty Smith', 'Rick Sanchez', 'Pencilvester']",Parasite,unknown,Genderless,Dead
Dwayne,https://rickandmorty.fandom.com/wiki/Dwayne,[],Human,Earth (Replacement Dimension),Male,Dead
Eddie,https://rickandmorty.fandom.com/wiki/Eddie,"['Planetina', 'Morty Smith']",Human,Earth (Replacement Dimension),Male,Dead
Eli's Girlfriend,https://rickandmorty.fandom.com/wiki/Eli%27s_Girlfriend,"['Eli', 'Summer Smith', 'Hemorrhage']",Human,Post-Apocalyptic Earth,Female,Dead
Eric Stoltz Mask Morty,https://rickandmorty.fandom.com/wiki/Eric_Stoltz_Mask_Morty,"['Morty Smith', 'Doofus Rick']",Human,Eric Stoltz Mask Earth,Male,Dead
Ethan,https://rickandmorty.fandom.com/wiki/Ethan,"['Summer Smith', 'Tricia Lange', 'Jacob Philip', 'Rick Sanchez', 'Toby Matthews', 'Hemorrhage', 'Beth Smith', 'Morty Smith']",Human,Earth (C-137),Male,Dead
Evil Beth Clone,https://rickandmorty.fandom.com/wiki/Evil_Beth_Clone,"['Evil Jerry Clone', 'Evil Summer Clone', 'Beth Smith', 'Rick Sanchez', 'Morty Smith']",Human,unknown,Female,Dead
Evil Jerry Clone,https://rickandmorty.fandom.com/wiki/Evil_Jerry_Clone,"['Evil Beth Clone', 'Evil Summer Clone', 'Jerry Smith']",Human,unknown,Male,Dead
Evil Rick Sanchez,https://rickandmorty.fandom.com/wiki/Evil_Rick_Sanchez,"['Evil Morty', 'Rick Sanchez', 'Council of Ricks', 'Morty Smith']",Human,unknown,Male,Dead
Evil Summer Clone,https://rickandmorty.fandom.com/wiki/Evil_Summer_Clone,"['Evil Jerry Clone', 'Evil Beth Clone', 'Summer Smith']",Human,unknown,Female,Dead
Eyehole Man,https://rickandmorty.fandom.com/wiki/Eyehole_Man,"['Rick Sanchez', 'Morty Smith', 'Jerry Smith', 'Summer Smith']",Alien,unknown,Male,Alive
Farmer Rick,https://rickandmorty.fandom.com/wiki/Farmer_Rick,"['Slick Morty', 'Lizard Morty', 'Glasses Morty', 'Evil Morty', 'Morty Smith', 'Rick Sanchez']",Human,unknown,Male,Dead
Farmer Rick's Dog,https://rickandmorty.fandom.com/wiki/Farmer_Rick%27s_Dog,[],Robot,unknown,Genderless,Dead
Fart,https://rickandmorty.fandom.com/wiki/Fart,"['Rick Sanchez', 'Krombopulos Michael', 'Gromflomites', 'Morty Smith']",Alien,unknown,Male,Dead
Fascist Morty,https://rickandmorty.fandom.com/wiki/Fascist_Morty,"['Rick Sanchez', 'Mr. Meeseeks', 'Evil Morty', 'Morty Smith', 'Revolio Clockberg, Jr.']",Human,Earth (Fascist Dimension),Male,Dead
Fast Aging Alien,https://rickandmorty.fandom.com/wiki/Fast_Aging_Alien,"['Rick Sanchez', 'Morty Smith', 'Gromflomites']",Alien,unknown,Genderless,Dead
Father Bob,https://rickandmorty.fandom.com/wiki/Father_Bob,['Cromulons'],Human,Earth (Replacement Dimension),Male,Dead
Flansians,https://rickandmorty.fandom.com/wiki/Flansians,"['Da’hou Ungherstahnk', 'Beth Smith', 'Jerry Smith', 'Birdperson', 'Tammy Guterman']",Alien,unknown,Genderless,unknown
Fleeb,https://rickandmorty.fandom.com/wiki/Fleeb,[],Alien,unknown,Genderless,unknown
Florflok,https://rickandmorty.fandom.com/wiki/Florflok,"['Gaia', 'Reggie', 'Ticktock', 'Squeeb', 'Rick Sanchez', 'Beth Smith', 'Jerry Smith']",Humanoid,unknown,Male,Dead
Frank Palicky,https://rickandmorty.fandom.com/wiki/Frank_Palicky,"['Morty Smith', 'Rick Sanchez', 'Summer Smith (Cronenberged dimension)', 'Jerry Smith (Cronenberged dimension)']",Human,Earth (C-137),Male,Dead
Frankenstein's Monster,https://rickandmorty.fandom.com/wiki/Frankenstein%27s_Monster,"['Tinkles', 'Memory Parasites']",Alien,unknown,Male,Dead
Fulgora,https://rickandmorty.fandom.com/wiki/Fulgora,['Attila Starwar'],Human,unknown,Female,Dead
Fungo,https://rickandmorty.fandom.com/wiki/Fungo,"['Yaarb', 'Jerry Smith', 'Shrimply Pibbles']",Alien,unknown,Male,Dead
Gaia,https://rickandmorty.fandom.com/wiki/Gaia,"['Florflok', 'Ticktock', 'Squeeb', 'Rick Sanchez', 'Reggie']",Sentient planet,Gaia,Female,Dead
Galactic Federation President,https://rickandmorty.fandom.com/wiki/Galactic_Federation_President,"['Gromflomites', 'Rick Sanchez']",Alien,unknown,Male,Dead
Gar Gloonch,https://rickandmorty.fandom.com/wiki/Gar_Gloonch,"['Zarbadar Gloonch', 'Jerry Smith']",Alien,unknown,Male,Dead
Gar's Mytholog,https://rickandmorty.fandom.com/wiki/Gar%27s_Mytholog,"['Zarbadar Gloonch', 'Gar Gloonch']",Mythological Creature,Nuptia 4,Male,Dead
Garblovians,https://rickandmorty.fandom.com/wiki/Garblovians,['GlorpDieBlorp'],Alien,Glaagablaaga,Genderless,Dead
Garmanarnar,https://rickandmorty.fandom.com/wiki/Garmanarnar,"['Piece of Toast', 'Two Guys with Handlebar Mustaches', 'Man Painted Silver Who Makes Robot Noises', 'Three Unknown Things', 'Hole in the Wall Where the Men Can See it All', 'Bobby Moynihan']",Alien,unknown,Male,Alive
Garment District Rick,https://rickandmorty.fandom.com/wiki/Garment_District_Rick,"['Shadow Council of Ricks', 'Rick Sanchez', 'Council of Ricks', 'Evil Morty']",Human,unknown,Male,Dead
Gazorpazorpfield (Character),https://rickandmorty.fandom.com/wiki/Gazorpazorpfield_(Character),"['Gazorpians', 'Jon', 'Rick Sanchez', 'Morty Smith']",Alien,unknown,Male,unknown
Gazorpians,https://rickandmorty.fandom.com/wiki/Gazorpians,"['Morty Jr.', 'Mar-Sha', 'Gwendolyn', 'Rick Sanchez', 'Summer Smith', 'Morty Smith']",Alien,unknown,Genderless,unknown
Geardude,https://rickandmorty.fandom.com/wiki/Geardude,"['Revolio Clockberg, Jr.', 'Rick Sanchez', 'Birdperson', 'Squanchy', 'Gromflomites']",Robot,unknown,Male,Dead
Gene,https://rickandmorty.fandom.com/wiki/Gene,"['Principal Vagina', 'Ethan', 'Morty Smith', 'Rick Sanchez']",Human,Earth (Replacement Dimension),Male,Dead
General Nathan,https://rickandmorty.fandom.com/wiki/General_Nathan,"['The President', 'Cromulons', 'Rick Sanchez', 'Morty Smith']",Human,Earth (Replacement Dimension),Male,Dead
General Store Owner,https://rickandmorty.fandom.com/wiki/General_Store_Owner,"['Rick Sanchez', 'Morty Smith']",Alien,Purge Planet,Male,Dead
Genital Washer,https://rickandmorty.fandom.com/wiki/Genital_Washer,"['Taint Washer', 'Lord Henderfinger']",Human,Post-Apocalyptic Earth,Male,Dead
Ghost in a Jar,https://rickandmorty.fandom.com/wiki/Ghost_in_a_Jar,"['Memory Parasites', 'Reverse Giraffe']",Alien,unknown,Male,Dead
Gibble Snake,https://rickandmorty.fandom.com/wiki/Gibble_Snake,['Shmooglite Runner'],Alien,Resort Planet,Genderless,Dead
Glar,https://rickandmorty.fandom.com/wiki/Glar,"['Rick Sanchez', 'Morty Smith', 'Miles Knightly', 'Heistotron']",Alien,unknown,Male,Dead
Glasses Morty,https://rickandmorty.fandom.com/wiki/Glasses_Morty,"['Lizard Morty', 'Slick Morty', 'Morty Smith']",Human,unknown,Male,Dead
Glaxo Slimslom,https://rickandmorty.fandom.com/wiki/Glaxo_Slimslom,"['Rick Sanchez', ""Beth's Mytholog"", 'Gar Gloonch', 'Zarbadar Gloonch']",Alien,unknown,Male,Dead
Glenn (Rixty Minutes),https://rickandmorty.fandom.com/wiki/Glenn_(Rixty_Minutes),['Gromflomites'],Human,unknown,Male,Dead
Glootie,https://rickandmorty.fandom.com/wiki/Glootie,"['Rick Sanchez', 'Jerry Smith (Cronenberged dimension)', 'Jerry Smith']",Alien,unknown,Male,Dead
GlorpDieBlorp,https://rickandmorty.fandom.com/wiki/GlorpDieBlorp,['Garblovians'],Alien,unknown,Male,Dead
Gobo,https://rickandmorty.fandom.com/wiki/Gobo,"['Jerry Smith', 'Morty Smith']",Alien,Alpha Centauri,Male,Dead
Goddess Beth,https://rickandmorty.fandom.com/wiki/Goddess_Beth,"['Beth Smith', 'Ideal Jerry', ""Beth's Mytholog""]",Mythological Creature,Nuptia 4,Female,Dead
Goomby,https://rickandmorty.fandom.com/wiki/Goomby,['Rick Sanchez'],Alien,Story Train,Male,Alive
Gordon Lunas,https://rickandmorty.fandom.com/wiki/Gordon_Lunas,['Principal Vagina'],Human,unknown,Male,Dead
Grace,https://rickandmorty.fandom.com/wiki/Grace,"['Summer Smith', 'Morty Smith']",Human,unknown,Female,Dead
Grace Smith,https://rickandmorty.fandom.com/wiki/Grace_Smith,"['Nancy', 'Squanchy', 'Brad', 'Abrodolph Lincoler', 'Morty Smith', 'Jessica', 'Tammy Guterman', 'Grace']",Human,unknown,Female,unknown
Greebybobes,https://rickandmorty.fandom.com/wiki/Greebybobes,['Cromulons'],Alien,Parblesnops,Genderless,Dead
Greg,https://rickandmorty.fandom.com/wiki/Greg,['Fart'],Robot,Gear World,Male,Dead
Gromflomites,https://rickandmorty.fandom.com/wiki/Gromflomites,"['Canklanker Thom', 'Galactic Federation President', 'Glenn', 'Krombopulos Michael', 'McGlaargle', 'Rurtaugh', 'Tammy Guterman']",Alien,unknown,Genderless,unknown
Gwendolyn,https://rickandmorty.fandom.com/wiki/Gwendolyn,"['Morty Jr.', 'Morty Smith', 'Rick Sanchez']",Robot,Gazorpazorp,Female,Dead
Hambrosians,https://rickandmorty.fandom.com/wiki/Hambrosians,"['Rick Sanchez', 'Morty Smith', 'Birdperson', 'Tammy Guterman']",Alien,unknown,Genderless,unknown
Hammerhead Morty,https://rickandmorty.fandom.com/wiki/Hammerhead_Morty,"['Morty Smith', 'Evil Rick Sanchez']",Humanoid,unknown,Male,Dead
Hamsters In Butts,https://rickandmorty.fandom.com/wiki/Hamsters_In_Butts,[],Animal,Butt World,Genderless,Dead
Hamurai,https://rickandmorty.fandom.com/wiki/Hamurai,"['Memory Parasites', 'Reverse Giraffe']",Alien,unknown,Male,Dead
Harold,https://rickandmorty.fandom.com/wiki/Harold,"['Summer Smith (Cronenberged dimension)', 'Morty Smith']",Cronenberg,Earth (C-137),Male,Dead
Harold The Garbage Goober,https://rickandmorty.fandom.com/wiki/Harold_The_Garbage_Goober,[],Alien,unknown,Male,unknown
Healthy Rick,https://rickandmorty.fandom.com/wiki/Healthy_Rick,"['Rick Sanchez', 'Toxic Rick', 'Toxic Morty']",Human,unknown,Genderless,Dead
Heistotron,https://rickandmorty.fandom.com/wiki/Heistotron,['Rick Sanchez'],Robot,Earth (Replacement Dimension),Genderless,Dead
Helium-Q,https://rickandmorty.fandom.com/wiki/Helium-Q,"['Water-T', 'Cromulons', 'Numbericons']",Alphabetrian,unknown,Male,Dead
Hemorrhage,https://rickandmorty.fandom.com/wiki/Hemorrhage,"['Summer Smith', 'Jerry Smith', 'Sleepy Gary', 'Beth Smith', 'Morty Smith (Replacement Dimension)', 'Morty Smith', 'Gwendolyn', 'Morty Jr.', 'Leonard Smith', 'Joyce Smith', 'Steven Smith', 'Unnamed Uncle', 'Rick Sanchez (Replacement Dimension)', 'Rick Sanchez', 'Diane Sanchez', ""Rick's Father"", 'Colossus', 'Jerry Smith (Cronenberged dimension)']",Human,Post-Apocalyptic Earth,Male,Dead
Hephaestus,https://rickandmorty.fandom.com/wiki/Hephaestus,"['Reggie', 'Rick Sanchez', 'Morty Smith', 'Heistotron', 'The Garage', 'Ventriloquiver']",Mythological Creature,Mount Olympus,Male,Alive
Heroin Keith,https://rickandmorty.fandom.com/wiki/Heroin_Keith,['Morty Smith'],Human,unknown,Male,Dead
Hole in the Wall Where the Men Can See it All,https://rickandmorty.fandom.com/wiki/Hole_in_the_Wall_Where_the_Men_Can_See_it_All,"['Piece of Toast', 'Two Guys with Handlebar Mustaches', 'Man Painted Silver Who Makes Robot Noises', 'Garmanarnar', 'Three Unknown Things', 'Bobby Moynihan']",Alien,unknown,Genderless,unknown
Holly Hooks,https://rickandmorty.fandom.com/wiki/Holly_Hooks,"['Jessica', 'Tricia Lange']",Human,unknown,Female,Dead
Hologram Rick,https://rickandmorty.fandom.com/wiki/Hologram_Rick,"['Rick Sanchez', 'Morty Smith', 'Wasp Rick', 'Jessica']",Humanoid,Earth (Replacement Dimension),Male,Dead
Hologram Rick (Edge of Tomorty: Rick Die Repeat),https://rickandmorty.fandom.com/wiki/Hologram_Rick_(Edge_of_Tomorty:_Rick_Die_Repeat),"['Rick Sanchez', 'Morty Smith', 'Jessica', 'Bullies', 'Wasp Rick']",Humanoid,unknown,Genderless,Dead
Hookah Alien,https://rickandmorty.fandom.com/wiki/Hookah_Alien,"['Rick Sanchez', 'Morty Smith']",Alien,unknown,Male,Dead
Hoovy,https://rickandmorty.fandom.com/wiki/Hoovy,"['Bova', 'Rick Sanchez', 'Morty Smith', 'Japheth', 'The Garage', 'Dale', 'Arthricia']",Humanoid,Narnia Dimension,Male,Dead
Hothead Rick,https://rickandmorty.fandom.com/wiki/Hothead_Rick,"['Rick Sanchez', 'Ricardo Montoya', 'Big Fat Rick', 'Little Ricky Wrap-it-up']",Human,unknown,Male,Dead
Hunter,https://rickandmorty.fandom.com/wiki/Hunter,"[""Hunter's Father"", 'Space Cruiser', 'Summer Smith']",Human,Earth (Giant Telepathic Spiders Dimension),Male,Dead
Hunter's Father,https://rickandmorty.fandom.com/wiki/Hunter%27s_Father,"['Hunter', 'Space Cruiser']",Human,Earth (Giant Telepathic Spiders Dimension),Male,Dead
Hydrogen-F,https://rickandmorty.fandom.com/wiki/Hydrogen-F,"['Magnesium-J', 'Helium-Q', 'Water-T', 'Cromulons', 'Numbericons']",Alien,Alphabetrium,Female,Dead
Ideal Jerry,https://rickandmorty.fandom.com/wiki/Ideal_Jerry,"['Jerry Smith', ""Jerry's Mytholog"", 'Beth Smith', ""Beth's Mytholog""]",Mythological Creature,Nuptia 4,Male,Dead
Insurance Rick,https://rickandmorty.fandom.com/wiki/Insurance_Rick,"['Rick Sanchez', 'Morty Smith', 'Solicitor Rick']",Human,unknown,Male,Dead
Investigator Rick,https://rickandmorty.fandom.com/wiki/Investigator_Rick,"['Evil Morty', 'Evil Rick Sanchez']",Human,unknown,Male,Dead
Invisi-troopers,https://rickandmorty.fandom.com/wiki/Invisi-troopers,"['Rick Sanchez', 'The President', 'Morty Smith']",Human,Earth (Replacement Dimension),Male,Dead
Izzy,https://rickandmorty.fandom.com/wiki/Izzy,"['Rick Sanchez', 'Pickle Rick (character)']",Animal,Earth (Replacement Dimension),Female,Dead
Jacob Philip,https://rickandmorty.fandom.com/wiki/Jacob_Philip,"['Joyce Smith', 'Jerry Smith', 'Leonard Smith', 'Jerry Smith (Cronenberged dimension)', 'Summer Smith (Cronenberged dimension)', 'Ethan', 'Ruben']",Human,unknown,Male,Dead
Jacqueline,https://rickandmorty.fandom.com/wiki/Jacqueline,"['Morty Smith', 'Toxic Morty', 'Rick Sanchez', 'Jessica', 'Stacy']",Human,Earth (Replacement Dimension),Female,Dead
Jaguar,https://rickandmorty.fandom.com/wiki/Jaguar,"['Katarina', 'Pickle Rick (character)', 'Beth Smith', 'Morty Smith', 'Concerto']",Human,Earth (Replacement Dimension),Male,Dead
Jamey,https://rickandmorty.fandom.com/wiki/Jamey,"['Rick Sanchez', 'Morty Smith', 'Cromulons']",Human,Earth (Replacement Dimension),Male,Alive
Jan-Michael Vincent,https://rickandmorty.fandom.com/wiki/Jan-Michael_Vincent,"['Morty Smith', 'Rick Sanchez']",Human,unknown,Male,Dead
Japheth,https://rickandmorty.fandom.com/wiki/Japheth,"['Morty Smith', 'Hoovy', 'Bova']",Humanoid,Narnia Dimension,Male,Dead
Jarshog Mollar,https://rickandmorty.fandom.com/wiki/Jarshog_Mollar,[],Alien,unknown,Female,Dead
Jeff,https://rickandmorty.fandom.com/wiki/Jeff,"['Summer Smith', 'Maggie', 'Priest Witherspoon', 'Richard', 'Glootie']",Human,Earth (Replacement Dimension),Male,Dead
Jerry Smith (C-500A),https://rickandmorty.fandom.com/wiki/Jerry_Smith_(C-500A),"['Beth Sanchez (C-500A)', 'Jerry Smith', 'David Letterman', 'Johnny Depp', 'Kristen Stewart']",Human,Earth (C-500A),Male,Dead
Jerry Smith (Cronenberged dimension),https://rickandmorty.fandom.com/wiki/Jerry_Smith_(Cronenberged_dimension),"['Jerry Smith', 'Summer Smith (Cronenberged dimension)', 'Morty Smith', 'Rick Sanchez', 'Diane Sanchez', ""Rick's Father"", 'Leonard Smith', 'Joyce Smith', 'Unnamed Uncle', 'Jacob Philip', 'Mr. Meeseeks', 'Snuffles', 'Summer Smith', 'Ethan', 'Beth Smith']",Human,unknown,Male,Dead
Jerry Smith (Evil Rick's Target Dimension),https://rickandmorty.fandom.com/wiki/Jerry_Smith_(Evil_Rick%27s_Target_Dimension),"[""Beth Smith (Evil Rick's Target Dimension)"", ""Summer Smith (Evil Rick's Target Dimension)"", ""Morty Smith (Evil Rick's Target Dimension)"", ""Rick Sanchez (Evil Rick's Target Dimension)"", 'Jerry Smith', 'Evil Rick Sanchez', 'Evil Morty']",Human,unknown,Male,Dead
Jerry's Mytholog,https://rickandmorty.fandom.com/wiki/Jerry%27s_Mytholog,"['Jerry Smith', ""Beth's Mytholog""]",Mythological Creature,Nuptia 4,Male,Dead
Jessica,https://rickandmorty.fandom.com/wiki/Jessica,"[""Jessica's Grandma"", 'Brad', 'Morty Smith', 'Rick Sanchez', 'Squanchy', 'Mr. Goldenfold', 'Tiny Rick', 'Grace Smith', 'Tricia Lange', 'Fart']",Cronenberg,Earth (C-137),Female,Alive
Jessica's Grandma,https://rickandmorty.fandom.com/wiki/Jessica%27s_Grandma,['Jessica'],Human,unknown,Female,Dead
Jesus Christ,https://rickandmorty.fandom.com/wiki/Jesus_Christ,[],Human,Ricks’s Story,Male,Dead
Jew,https://rickandmorty.fandom.com/wiki/Jew,['Armagheadon'],Human,unknown,Male,unknown
Jodie,https://rickandmorty.fandom.com/wiki/Jodie,"['Rick Sanchez', 'Morty Smith']",Human,unknown,Female,Dead
Johnny Depp,https://rickandmorty.fandom.com/wiki/Johnny_Depp,['Jerry Smith (C-500A)'],Human,Earth (C-500A),Male,Dead
Jon,https://rickandmorty.fandom.com/wiki/Jon,"['Gazorpians', 'Gazorpazorpfield (Character)']",Alien,Gazorpazorp,Male,Alive
Joseph Lipnip,https://rickandmorty.fandom.com/wiki/Joseph_Lipnip,"['Mrs. Lipnip', 'Thomas Lipnip', ""Tommy's Clone"", 'Beth Smith']",Human,unknown,Male,Dead
Josiah,https://rickandmorty.fandom.com/wiki/Josiah,['Priest Witherspoon'],Human,Earth (Replacement Dimension),Male,Dead
Joyce Smith,https://rickandmorty.fandom.com/wiki/Joyce_Smith,"['Leonard Smith', 'Jacob Philip', 'Steven Smith', 'Jerry Smith', 'Unnamed Uncle', 'Beth Smith', 'Summer Smith', 'Morty Smith', 'Hemorrhage', 'Gwendolyn', 'Morty Jr.', 'Jerry Smith (Cronenberged dimension)', 'Ethan']",Human,Earth (C-137),Female,Dead
Juggling Rick,https://rickandmorty.fandom.com/wiki/Juggling_Rick,"['Rick Sanchez', 'Evil Morty']",Human,unknown,Male,Dead
Karen Entity,https://rickandmorty.fandom.com/wiki/Karen_Entity,"['Nippalians', 'Unity']",Alien,Unity's Planet,Female,Alive
Katarina,https://rickandmorty.fandom.com/wiki/Katarina,"['Jaguar', 'Rick Sanchez']",Human,Earth (Replacement Dimension),Female,Dead
Katherine Heffelfinger,https://rickandmorty.fandom.com/wiki/Katherine_Heffelfinger,"['Morty Smith', 'Jessica', 'Annie', 'Arthricia']",Human,unknown,Female,unknown
Kathy Ireland,https://rickandmorty.fandom.com/wiki/Kathy_Ireland,"['Blazen', 'Morty Smith']",Human,Earth (Replacement Dimension),Female,Dead
Kelsey Shawsen,https://rickandmorty.fandom.com/wiki/Kelsey_Shawsen,"['Toby Matthews', 'Gromflomites']",Human,unknown,Female,Dead
Kendra,https://rickandmorty.fandom.com/wiki/Kendra,"['Morty Smith', 'Rick Sanchez', 'Naruto Smith']",Human,unknown,Female,Dead
Kevin,https://rickandmorty.fandom.com/wiki/Kevin,"['Prince Nebulon', 'Rick Sanchez', 'Morty Smith']",Alien,unknown,Male,Dead
Khlorgg,https://rickandmorty.fandom.com/wiki/Khlorgg,['Jerry Smith'],Crittendians,unknown,Genderless,Dead
Kiara,https://rickandmorty.fandom.com/wiki/Kiara,"['Jerry Smith', 'Trandor', 'Rick Sanchez', 'Morty Smith', 'Summer Smith', 'Principal Vagina']",Krootabulan,unknown,Female,Dead
King Flippy Nips,https://rickandmorty.fandom.com/wiki/King_Flippy_Nips,"['Plutonian', 'Scroopy Noopers', 'Jerry Smith', 'Morty Smith']",Alien,Pluto,Male,Alive
Kl’iiik Mijupsrit,https://rickandmorty.fandom.com/wiki/Kl%E2%80%99iiik_Mijupsrit,['Mr. Marklovitz'],Alien,unknown,Male,Dead
Korlunxes,https://rickandmorty.fandom.com/wiki/Korlunxes,"['Shrimply Pibbles', 'Jerry Smith']",Alien,unknown,Male,Dead
Kozbians,https://rickandmorty.fandom.com/wiki/Kozbians,[],Alien,unknown,Genderless,Dead
Kristen Stewart,https://rickandmorty.fandom.com/wiki/Kristen_Stewart,"['Jerry Smith (C-500A)', 'Jerry Smith']",Human,Earth (C-500A),Female,Alive
Krombopulos Michael,https://rickandmorty.fandom.com/wiki/Krombopulos_Michael,"['Gromflomites', 'Rick Sanchez', 'Fart', 'Morty Smith']",Alien,unknown,Male,Dead
Kyle,https://rickandmorty.fandom.com/wiki/Kyle,"['Zeep Xanflorp', 'Rick Sanchez', 'Morty Smith', 'Mr. Nimbus']",Humanoid,Zeep Xanflorp's Miniverse,Male,Dead
Lady Katana,https://rickandmorty.fandom.com/wiki/Lady_Katana,"['Calypso', 'Diablo Verde']",Humanoid,unknown,Female,Dead
Larva Aliens,https://rickandmorty.fandom.com/wiki/Larva_Aliens,"['Cromulons', 'Birdperson', 'Tammy Guterman']",Alien,unknown,Genderless,unknown
Lawyer Morty,https://rickandmorty.fandom.com/wiki/Lawyer_Morty,"['Council of Ricks', 'Morty Smith', 'Summer Smith']",Human,The Citadel,Male,Dead
Leonard Smith,https://rickandmorty.fandom.com/wiki/Leonard_Smith,"['Joyce Smith', 'Steven Smith', 'Jerry Smith', 'Unnamed Uncle', 'Beth Smith', 'Summer Smith', 'Morty Smith', 'Hemorrhage', 'Gwendolyn', 'Morty Jr.', 'Jacob Philip', 'Jerry Smith (Cronenberged dimension)']",Human,Earth (C-137),Male,Alive
Lighthouse Keeper,https://rickandmorty.fandom.com/wiki/Lighthouse_Keeper,"['Rick Sanchez', 'Morty Smith']",Alien,Purge Planet,Male,Dead
Lil B,https://rickandmorty.fandom.com/wiki/Lil_B,"['Birdperson', 'Tammy Guterman', 'Rick Sanchez']",Alien,unknown,Male,Dead
Lisa,https://rickandmorty.fandom.com/wiki/Lisa,[],Alien,unknown,Female,Dead
Little Dipper,https://rickandmorty.fandom.com/wiki/Little_Dipper,[],Humanoid,unknown,Male,Alive
Little Ricky Wrap-it-up,https://rickandmorty.fandom.com/wiki/Little_Ricky_Wrap-it-up,"['Rick Sanchez', 'Ricardo Montoya', 'Hothead Rick', 'Big Fat Rick']",Human,unknown,Male,Dead
Lizard Morty,https://rickandmorty.fandom.com/wiki/Lizard_Morty,"['Morty Smith', 'Slick Morty', 'Glasses Morty', 'Farmer Rick', 'Lizard Rick']",Humanoid,unknown,Male,Dead
Lizard Rick,https://rickandmorty.fandom.com/wiki/Lizard_Rick,"['Rick Sanchez', 'Lizard Morty']",Humanoid,unknown,Male,Dead
Loggins,https://rickandmorty.fandom.com/wiki/Loggins,[],Alien,unknown,Male,Dead
Logic,https://rickandmorty.fandom.com/wiki/Logic,"['Rick Sanchez', 'Noob-Noob']",Human,unknown,Male,Alive
Long Sleeved Morty,https://rickandmorty.fandom.com/wiki/Long_Sleeved_Morty,['Morty Smith'],Human,unknown,Male,Dead
Lord Henderfinger,https://rickandmorty.fandom.com/wiki/Lord_Henderfinger,"['Armothy', 'Morty Smith', 'Rick Sanchez', 'Taint Washer', 'Genital Washer']",Human,Post-Apocalyptic Earth,Male,Dead
Lucius Needful,https://rickandmorty.fandom.com/wiki/Lucius_Needful,['Rick Sanchez'],Demon,Hell,Male,Dead
Lucy,https://rickandmorty.fandom.com/wiki/Lucy,[],Human,Earth (Replacement Dimension),Female,Dead
Maggie,https://rickandmorty.fandom.com/wiki/Maggie,"['Jeff', 'Running Bird']",Human,Earth (Replacement Dimension),Female,Dead
Magnesium-J,https://rickandmorty.fandom.com/wiki/Magnesium-J,"['Hydrogen-F', 'Helium-Q', 'Water-T', 'Cromulons', 'Numbericons']",Alien,Alphabetrium,Male,Dead
Man Painted Silver Who Makes Robot Noises,https://rickandmorty.fandom.com/wiki/Man_Painted_Silver_Who_Makes_Robot_Noises,"['Piece of Toast', 'Two Guys with Handlebar Mustaches', 'Garmanarnar', 'Three Unknown Things', 'Hole in the Wall Where the Men Can See it All', 'Bobby Moynihan']",Human,unknown,Male,Alive
Mar-Sha,https://rickandmorty.fandom.com/wiki/Mar-Sha,"['Gazorpians', 'Rick Sanchez']",Alien,unknown,Female,Dead
Masy Kallerax,https://rickandmorty.fandom.com/wiki/Masy_Kallerax,"['Unity', 'Nippalians']",Alien,unknown,Male,unknown
Maximums Rickimus,https://rickandmorty.fandom.com/wiki/Maximums_Rickimus,"['Council of Ricks', 'Rick Sanchez', 'Riq IV', 'Rick Prime', 'Quantum Rick', 'Zeta Alpha Rick', 'Ricktiminus Sancheziminius', 'The Scientist Formerly Known as Rick', 'Evil Rick Sanchez', 'Morty Smith', 'SEAL Team Ricks']",Human,unknown,Male,Dead
MC Haps,https://rickandmorty.fandom.com/wiki/MC_Haps,"['Morty Smith', 'Squanchy', 'Logic']",Human,Earth (C-137),Male,Dead
McGlaargle,https://rickandmorty.fandom.com/wiki/McGlaargle,"['Gromflomites', 'Smarkians', 'Amfiddians']",Alien,Gromflom Prime,Male,Dead
Mechanical Morty,https://rickandmorty.fandom.com/wiki/Mechanical_Morty,"['Robot Morty', 'Rick Sanchez', 'Mechanical Rick', 'Mechanical Summer', 'Morty Smith']",Robot,Earth (Replacement Dimension),Male,Dead
Mechanical Rick,https://rickandmorty.fandom.com/wiki/Mechanical_Rick,"['Robot Rick', 'Rick Sanchez', 'Beth Smith']",Robot,Earth (Replacement Dimension),Male,Dead
Mechanical Summer,https://rickandmorty.fandom.com/wiki/Mechanical_Summer,"['Summer Smith', 'Rick Sanchez', 'Beth Smith']",Robot,Earth (Replacement Dimension),Female,Dead
Memory Parasites,https://rickandmorty.fandom.com/wiki/Memory_Parasites,"['Steven Smith', 'Cousin Nicky', 'Mr. Beauregard', 'Sleepy Gary', 'Morty Smith', 'Beth Smith', 'Rick Sanchez', 'Summer Smith', ""Frankenstein's Monster"", 'Photography Raptor', 'Pencilvester', 'Tinkles', 'Hamurai', 'Amish Cyborg', 'Reverse Giraffe', 'Ghost in a Jar', 'Baby Wizard', 'Mrs. Refrigerator', 'Bearded Lady', 'Duck with Muscles']",Alien,unknown,Genderless,Dead
Michael (The ABC's of Beth),https://rickandmorty.fandom.com/wiki/Michael_(The_ABC%27s_of_Beth),['Jerry Smith'],Human,unknown,Male,unknown
Michael Denny and the Denny Singers,https://rickandmorty.fandom.com/wiki/Michael_Denny_and_the_Denny_Singers,['Trunk People'],Human,unknown,Male,Alive
Michael Jenkins,https://rickandmorty.fandom.com/wiki/Michael_Jenkins,[],Human,unknown,Male,Dead
Michael McLick,https://rickandmorty.fandom.com/wiki/Michael_McLick,['Randy Dicknose'],Human,unknown,Male,Alive
Michael Thompson,https://rickandmorty.fandom.com/wiki/Michael_Thompson,['Pichael Thompson'],Humanoid,unknown,Male,Alive
Miles Knightly,https://rickandmorty.fandom.com/wiki/Miles_Knightly,['Rick Sanchez'],Alien,unknown,Male,Dead
Million Ants,https://rickandmorty.fandom.com/wiki/Million_Ants,"['Supernova', 'Rick Sanchez', 'Alan Rails']",Animal,unknown,Male,Dead
Mitch,https://rickandmorty.fandom.com/wiki/Mitch,"['Morty Smith', 'Frank Palicky', 'Summer Smith (Cronenberged dimension)', 'Jerry Smith (Cronenberged dimension)', 'Principal Vagina', 'Toxic Morty']",Human,Earth (Replacement Dimension),Male,Dead
Morty Jr.,https://rickandmorty.fandom.com/wiki/Morty_Jr.,"['Morty Smith', 'Cronenberg Morty', 'Gazorpians', 'Gwendolyn', 'Jerry Smith', 'Beth Smith', 'Hemorrhage', 'Summer Smith', 'Naruto Smith', 'Leonard Smith', 'Joyce Smith', 'Unnamed Uncle', 'Rick Sanchez', 'Diane Sanchez', ""Rick's Father""]",Humanoid,Earth (Replacement Dimension),Male,Alive
Morty Rick,https://rickandmorty.fandom.com/wiki/Morty_Rick,"['Rick Sanchez', 'Morty Smith', 'Tiny Rick']",Human,unknown,Male,Dead
Morty Smith (Evil Rick's Target Dimension),https://rickandmorty.fandom.com/wiki/Morty_Smith_(Evil_Rick%27s_Target_Dimension),"[""Jerry Smith (Evil Rick's Target Dimension)"", ""Beth Smith (Evil Rick's Target Dimension)"", ""Summer Smith (Evil Rick's Target Dimension)"", ""Rick Sanchez (Evil Rick's Target Dimension)"", 'Morty Smith', 'Evil Rick Sanchez', 'Evil Morty', 'Rick Sanchez', 'Summer Smith', 'Jerry Smith', 'Beth Smith']",Human,unknown,Male,Dead
Morty Smith (K-22),https://rickandmorty.fandom.com/wiki/Morty_Smith_(K-22),"['Rick Sanchez (K-22)', 'Rick Sanchez', 'Morty Smith']",Human,Earth (Dimension K-22),Male,Dead
Morty Smith (Replacement Dimension),https://rickandmorty.fandom.com/wiki/Morty_Smith_(Replacement_Dimension),"['Jerry Smith', 'Beth Smith', 'Summer Smith', 'Hemorrhage', 'Leonard Smith', 'Joyce Smith', 'Unnamed Uncle', 'Rick Sanchez (Replacement Dimension)', 'Diane Sanchez', 'Jessica', 'Annie', 'Morty Smith', 'Rick Sanchez']",Human,unknown,Male,Dead
Morty's Girlfriend,https://rickandmorty.fandom.com/wiki/Morty%27s_Girlfriend,['Morty Smith'],Human,unknown,Female,Dead
Mortytown Locos,https://rickandmorty.fandom.com/wiki/Mortytown_Locos,"['Bootleg Portal Chemist Rick', 'Evil Morty']",Human,The Citadel,Male,Dead
Mr. Always Wants To Be Hunted,https://rickandmorty.fandom.com/wiki/Mr._Always_Wants_To_Be_Hunted,['Mr. Poopybutthole'],Alien,unknown,Male,Dead
Mr. Beauregard,https://rickandmorty.fandom.com/wiki/Mr._Beauregard,"['Memory Parasites', 'Cousin Nicky', 'Jerry Smith', 'Morty Smith', 'Rick Sanchez']",Alien,unknown,Male,Dead
Mr. Benson,https://rickandmorty.fandom.com/wiki/Mr._Benson,"['Rick Sanchez', 'Morty Smith', 'Summer Smith']",Human,Earth (Replacement Dimension),Male,Dead
Mr. Booby Buyer,https://rickandmorty.fandom.com/wiki/Mr._Booby_Buyer,"['Rick Sanchez', 'Morty Smith']",Mythological Creature,Fantasy World,Male,Alive
Mr. Goldenfold,https://rickandmorty.fandom.com/wiki/Mr._Goldenfold,"['Morty Smith', 'Mrs. Pancakes', 'Rick Sanchez', 'Jessica', 'Summer Smith']",Cronenberg,Earth (C-137),Male,Alive
Mr. Goldenfold (Wasp Universe),https://rickandmorty.fandom.com/wiki/Mr._Goldenfold_(Wasp_Universe),"[""Mr. Goldenfold's Larvae"", 'Mr. Goldenfold', 'Rick Sanchez']",Larva,unknown,Male,Dead
Mr. Goldenfold's Larvae,https://rickandmorty.fandom.com/wiki/Mr._Goldenfold%27s_Larvae,"['Mr. Goldenfold (Wasp Universe)', 'Mr. Goldenfold']",Larva,unknown,Genderless,Dead
Mr. Marklovitz,https://rickandmorty.fandom.com/wiki/Mr._Marklovitz,"['Kl’iiik Mijupsrit', 'Jerry Smith', 'Unity']",Human,Earth (C-137),Male,Dead
Mr. Meeseeks,https://rickandmorty.fandom.com/wiki/Mr._Meeseeks,"['Mr. Meeseeks (Kirkland)', 'Rick Sanchez', 'Jerry Smith']",Humanoid,Mr. Meeseeks Box,Male,unknown
Mr. Meeseeks (Kirkland),https://rickandmorty.fandom.com/wiki/Mr._Meeseeks_(Kirkland),"['Mr. Meeseeks', 'Rick Sanchez', 'Wasp Rick', 'Morty Smith']",Alien,unknown,Genderless,unknown
Mr. Nimbus,https://rickandmorty.fandom.com/wiki/Mr._Nimbus,"['Rick Sanchez', 'Morty Smith', 'Space Cruiser', 'Jerry Smith', 'Beth Smith', 'Jessica']",Mythological Creature,The Ocean,Male,Alive
Mr. Poopybutthole,https://rickandmorty.fandom.com/wiki/Mr._Poopybutthole,"['Mrs. Poopybutthole', 'Baby Poopybutthole', 'Rick Sanchez', 'Beth Smith', 'Cousin Nicky', 'Darth Poopybutthole']",Poopybutthole,unknown,Male,Alive
Mr. Poopybutthole's Cat,https://rickandmorty.fandom.com/wiki/Mr._Poopybutthole%27s_Cat,"['Mr. Poopybutthole', 'Mrs. Poopybutthole', ""Mr. Poopybutthole's Dog""]",Animal,unknown,Genderless,Dead
Mr. Poopybutthole's Dog,https://rickandmorty.fandom.com/wiki/Mr._Poopybutthole%27s_Dog,"['Mr. Poopybutthole', 'Mrs. Poopybutthole', ""Mr. Poopybutthole's Cat"", 'Baby Poopybutthole']",Animal,unknown,Genderless,unknown
Mr. Sneezy,https://rickandmorty.fandom.com/wiki/Mr._Sneezy,[],Human,Interdimensional Cable,Male,Dead
Mr. Youseeks,https://rickandmorty.fandom.com/wiki/Mr._Youseeks,"['Mr. Meeseeks', 'The Garage', 'Rick Sanchez']",Alien,The Garage,Genderless,Dead
Mrs. Lipnip,https://rickandmorty.fandom.com/wiki/Mrs._Lipnip,"['Joseph Lipnip', 'Thomas Lipnip', ""Tommy's Clone"", 'Rick Sanchez', 'Beth Smith']",Human,unknown,Female,Dead
Mrs. Pancakes,https://rickandmorty.fandom.com/wiki/Mrs._Pancakes,"['Mr. Goldenfold', 'Rick Sanchez', 'Morty Smith', 'Centaur', 'The Little Girl', 'Scary Terry']",Human,Earth (C-137),Female,Dead
Mrs. Poopybutthole,https://rickandmorty.fandom.com/wiki/Mrs._Poopybutthole,"['Mr. Poopybutthole', 'Baby Poopybutthole', 'Morty Smith', 'Summer Smith', 'Gromflomites']",Alien,unknown,Female,Dead
Mrs. Refrigerator,https://rickandmorty.fandom.com/wiki/Mrs._Refrigerator,"['Memory Parasites', 'Beth Smith', 'Rick Sanchez']",Alien,unknown,Female,Dead
Mrs. Sullivan,https://rickandmorty.fandom.com/wiki/Mrs._Sullivan,['Jerry Smith (C-500A)'],Human,Earth (C-500A),Female,Dead
Mysterious Rick,https://rickandmorty.fandom.com/wiki/Mysterious_Rick,"['Morty Smith', 'Riq IV']",Human,unknown,Male,unknown
Nancy,https://rickandmorty.fandom.com/wiki/Nancy,"['Summer Smith', 'Rick Sanchez', 'Morty Smith', 'Abrodolph Lincoler', 'Beth Smith']",Human,Earth (Replacement Dimension),Female,Dead
Naruto Smith,https://rickandmorty.fandom.com/wiki/Naruto_Smith,"['Morty Smith', 'Summer Smith', 'Jerry Smith', 'Beth Smith', ""Rick's Foal"", 'Morty Jr.', 'Rick Sanchez', 'Diane Sanchez', 'Leonard Smith', 'Joyce Smith', 'Unnamed Uncle', ""Rick's Father"", 'Sticky']",Humanoid,Earth (Replacement Dimension),Male,Dead
Nick,https://rickandmorty.fandom.com/wiki/Nick,"['Morty Smith', 'Rick Sanchez', 'Jerry Smith', 'Mr. Nimbus']",Human,Earth (Replacement Dimension),Male,Dead
Nippalians,https://rickandmorty.fandom.com/wiki/Nippalians,['Unity'],Alien,unknown,Genderless,Dead
Noob-Noob,https://rickandmorty.fandom.com/wiki/Noob-Noob,"['Rick Sanchez', 'Morty Smith', 'Logic', 'Mr. Poopybutthole', 'Stealy', 'Benjamin']",Poopybutthole,unknown,Male,Alive
Numbericons,https://rickandmorty.fandom.com/wiki/Numbericons,['Water-T'],Alien,unknown,Genderless,Dead
Octopus Man,https://rickandmorty.fandom.com/wiki/Octopus_Man,[],Humanoid,unknown,Male,Dead
Old Reptile,https://rickandmorty.fandom.com/wiki/Old_Reptile,"['Shrimply Pibbles', 'Jerry Smith']",Alien,unknown,Male,Dead
Pat Guterman,https://rickandmorty.fandom.com/wiki/Pat_Guterman,"['Donna Guterman', 'Tammy Guterman', 'Birdperson', 'Jerry Smith', 'Beth Smith']",Humanoid,unknown,Genderless,Dead
Paul Fleishman,https://rickandmorty.fandom.com/wiki/Paul_Fleishman,"['Beth Smith', 'Summer Smith', 'Morty Smith', 'Rick Sanchez', 'Jerry Smith']",Human,unknown,Male,Dead
Pawnshop Clerk,https://rickandmorty.fandom.com/wiki/Pawnshop_Clerk,"['Rick Sanchez', 'Morty Smith', 'Gwendolyn']",Alien,unknown,Male,Dead
Pencilvester,https://rickandmorty.fandom.com/wiki/Pencilvester,"['Memory Parasites', 'Rick Sanchez', 'Morty Smith']",Alien,unknown,Male,Dead
Phillip Jacobs,https://rickandmorty.fandom.com/wiki/Phillip_Jacobs,"['Rick Sanchez', 'Morty Smith']",Human,unknown,Male,Dead
Photography Cyborgs,https://rickandmorty.fandom.com/wiki/Photography_Cyborgs,"['Birdperson', 'Tammy Guterman', 'Rick Sanchez']",Humanoid,unknown,Male,Dead
Photography Raptor,https://rickandmorty.fandom.com/wiki/Photography_Raptor,"['Memory Parasites', 'Mr. Beauregard', 'Morty Smith']",Alien,unknown,Genderless,Dead
Pichael Thompson,https://rickandmorty.fandom.com/wiki/Pichael_Thompson,['Michael Thompson'],Humanoid,unknown,Male,Alive
Pickle Rick (character),https://rickandmorty.fandom.com/wiki/Pickle_Rick_(character),['Rick Sanchez'],Pickle,unknown,Genderless,unknown
Piece of Toast,https://rickandmorty.fandom.com/wiki/Piece_of_Toast,"['Rick Sanchez', 'Bobby Moynihan', 'Two Guys with Handlebar Mustaches', 'Man Painted Silver Who Makes Robot Noises', 'Garmanarnar', 'Three Unknown Things', 'Hole in the Wall Where the Men Can See it All']",Bread,unknown,Genderless,Alive
Pink Sentient Switchblade,https://rickandmorty.fandom.com/wiki/Pink_Sentient_Switchblade,"['Beth Smith', 'Rick Sanchez', 'Thomas Lipnip']",Switchblade,unknown,Genderless,unknown
Planetina,https://rickandmorty.fandom.com/wiki/Planetina,"['Tina-Teers', 'Morty Smith', 'Diesel Weasel']",Humanoid,Elemental Rings,Female,Alive
Plumber Rick,https://rickandmorty.fandom.com/wiki/Plumber_Rick,['Rick Sanchez'],Human,unknown,Male,Dead
Plutonian,https://rickandmorty.fandom.com/wiki/Plutonian,"['King Flippy Nips', 'Scroopy Noopers']",Alien,unknown,Genderless,Dead
Pom Poms,https://rickandmorty.fandom.com/wiki/Pom_Poms,"['Risotto Groupon', 'Rick Sanchez']",Alien,unknown,Genderless,unknown
Poncho,https://rickandmorty.fandom.com/wiki/Poncho,"['Dr. Xenon Bloom', 'Morty Smith', 'Diseases', 'Annie']",Human,unknown,Male,Dead
Poop Jesus,https://rickandmorty.fandom.com/wiki/Poop_Jesus,['Jesus Christ'],Alien,unknown,Male,Dead
Poñeta,https://rickandmorty.fandom.com/wiki/Po%C3%B1eta,"['Chud King', 'Rick Sanchez', ""Rick's Foal"", 'Morty Smith']",Chud,unknown,Female,Dead
Presidentress of the Mega Gargantuans,https://rickandmorty.fandom.com/wiki/Presidentress_of_the_Mega_Gargantuans,"['Rick Sanchez', 'Morty Smith', 'The President']",Alien,Earth (Replacement Dimension),Female,Dead
Priest Witherspoon,https://rickandmorty.fandom.com/wiki/Priest_Witherspoon,"['Josiah', 'Jeff', 'Maggie', 'Summer Smith', 'Richard']",Human,Earth (Replacement Dimension),Male,Dead
Prince Nebulon,https://rickandmorty.fandom.com/wiki/Prince_Nebulon,"['Rick Sanchez', 'Kevin', 'Morty Smith', 'Jerry Smith (Cronenberged dimension)', 'Jerry Smith']",Alien,Zigerion,Male,Dead
Principal Vagina,https://rickandmorty.fandom.com/wiki/Principal_Vagina,"['Frank Palicky', 'Mr. Meeseeks', 'Lucius Needful', 'Ethan', 'Gordon Lunas']",Cronenberg,Earth (C-137),Male,Alive
Pripudlians,https://rickandmorty.fandom.com/wiki/Pripudlians,['Rick Sanchez'],Alien,unknown,Genderless,unknown
Professor Shabooboo,https://rickandmorty.fandom.com/wiki/Professor_Shabooboo,"['The President', 'Summer Smith', 'Morty Smith']",Human,Earth (Replacement Dimension),Male,Dead
Purge Planet Ruler,https://rickandmorty.fandom.com/wiki/Purge_Planet_Ruler,"['Rick Sanchez', 'Morty Smith', 'Arthricia']",Alien,Purge Planet,Male,Dead
Pussifer,https://rickandmorty.fandom.com/wiki/Pussifer,[],Animal,Rick and Two Crows Planet,Male,Dead
Quantum Rick,https://rickandmorty.fandom.com/wiki/Quantum_Rick,"['Council of Ricks', 'Rick Sanchez', 'Commander Rick']",Human,unknown,Male,Dead
Randy Dicknose,https://rickandmorty.fandom.com/wiki/Randy_Dicknose,['Michael McLick'],Human,unknown,Male,Alive
Real Fake Doors Salesman,https://rickandmorty.fandom.com/wiki/Real_Fake_Doors_Salesman,[],Human,unknown,Male,Alive
Rebel Doctor,https://rickandmorty.fandom.com/wiki/Rebel_Doctor,['Garblovians'],Alien,unknown,Male,Dead
Red Grin Grumble,https://rickandmorty.fandom.com/wiki/Red_Grin_Grumble,"['Rick Sanchez', 'Jerry Smith', 'Morty Smith', 'Summer Smith']",unknown,unknown,Genderless,unknown
Reggie,https://rickandmorty.fandom.com/wiki/Reggie,"['Hephaestus', 'Ticktock', 'Florflok', 'Squeeb', 'Gaia', 'Rick Sanchez', 'Morty Smith']",Mythological Creature,Mount Olympus,Male,Dead
Regional Manager Rick,https://rickandmorty.fandom.com/wiki/Regional_Manager_Rick,"['Rick Sanchez (J-22)', 'Cool Rick', 'Evil Morty']",Human,unknown,Male,Dead
Regular Legs,https://rickandmorty.fandom.com/wiki/Regular_Legs,['Baby Legs'],Human,unknown,Male,Alive
Reverse Giraffe,https://rickandmorty.fandom.com/wiki/Reverse_Giraffe,"['Memory Parasites', 'Sleepy Gary', 'Rick Sanchez', 'Hamurai', 'Ghost in a Jar', 'Beth Smith', 'Morty Smith']",Alien,unknown,Male,Dead
Reverse Rick Outrage,https://rickandmorty.fandom.com/wiki/Reverse_Rick_Outrage,"['Adjudicator Rick', 'Evil Morty']",Human,unknown,Male,Dead
"Revolio Clockberg, Jr.","https://rickandmorty.fandom.com/wiki/Revolio_Clockberg,_Jr.","['Rick Sanchez', 'Morty Smith', 'Jessica', 'Fart', 'Noob-Noob']",Robot,unknown,Male,Dead
Ricardo Montoya,https://rickandmorty.fandom.com/wiki/Ricardo_Montoya,"['Rick Sanchez', 'Big Fat Rick', 'Hothead Rick', 'Little Ricky Wrap-it-up']",Human,unknown,Male,Dead
Richard,https://rickandmorty.fandom.com/wiki/Richard,[],Human,Earth (Replacement Dimension),Male,Dead
Rick D. Sanchez III,https://rickandmorty.fandom.com/wiki/Rick_D._Sanchez_III,"['Shadow Council of Ricks', 'Rick Sanchez', 'Simple Rick', 'Evil Morty', 'Garment District Rick']",Human,unknown,Male,Dead
Rick Guilt Rick,https://rickandmorty.fandom.com/wiki/Rick_Guilt_Rick,[],Human,unknown,Male,Dead
Rick Prime,https://rickandmorty.fandom.com/wiki/Rick_Prime,"['Council of Ricks', 'Rick Sanchez']",Human,unknown,Male,Dead
Rick Sanchez,https://rickandmorty.fandom.com/wiki/Rick_Sanchez,"['Mr. Nimbus', 'Big Fat Rick', 'Evil Morty', 'Beth Sanchez (C-137)', 'Jerry Smith (Cronenberged dimension)', 'Summer Smith (Cronenberged dimension)', 'Morty Smith', 'Beth Smith', 'Summer Smith', 'Jerry Smith', 'Morty Jr.', 'Naruto Smith', 'Diane Sanchez', 'Poñeta', ""Rick's Foal"", 'Unity', 'Gaia', 'Balthromaw', 'Weird Rick', 'Birdperson', 'Squanchy', 'Fart', 'Mr. Poopybutthole', 'Tammy Guterman', 'Arthricia', 'Mr. Goldenfold', 'Evil Rick Sanchez', 'Council of Ricks', 'Shleemypants', 'Krombopulos Michael', 'Gromflomites', 'SEAL Team Ricks', 'Blim Blam', 'Jessica', 'Lucius Needful', 'Snuffles', 'Kiara', 'Trandor', 'Wasp Rick', 'Doofus Rick']",Human,Earth (C-137),Male,Dead
Rick Sanchez (D-99),https://rickandmorty.fandom.com/wiki/Rick_Sanchez_(D-99),"['SEAL Team Ricks', 'Rick Sanchez', 'Morty Smith', 'Summer Smith', 'Gromflomites', 'Commander Rick']",Human,Earth (Dimension D-99),Male,Dead
Rick Sanchez (Evil Rick's Target Dimension),https://rickandmorty.fandom.com/wiki/Rick_Sanchez_(Evil_Rick%27s_Target_Dimension),"[""Beth Smith (Evil Rick's Target Dimension)"", ""Jerry Smith (Evil Rick's Target Dimension)"", ""Summer Smith (Evil Rick's Target Dimension)"", ""Morty Smith (Evil Rick's Target Dimension)"", 'Rick Sanchez', 'Evil Rick Sanchez', 'Evil Morty', 'Morty Smith', 'Summer Smith', 'Jerry Smith', 'Beth Smith']",Human,unknown,Male,Dead
Rick Sanchez (J-22),https://rickandmorty.fandom.com/wiki/Rick_Sanchez_(J-22),"['Rick Sanchez', 'Simple Rick', 'Rick D. Sanchez III', 'Cool Rick', 'Regional Manager Rick']",Human,unknown,Male,Dead
Rick Sanchez (K-22),https://rickandmorty.fandom.com/wiki/Rick_Sanchez_(K-22),"['Morty Smith (K-22)', 'Rick Sanchez', 'Morty Smith']",Human,Earth (K-22),Male,Dead
Rick Sanchez (Replacement Dimension),https://rickandmorty.fandom.com/wiki/Rick_Sanchez_(replacement_dimension),"['Diane Sanchez', 'Beth Smith', 'Jerry Smith', 'Summer Smith', 'Morty Smith (Replacement Dimension)', 'Hemorrhage', 'Unity', 'Rick Sanchez', 'Morty Smith']",Human,unknown,Male,Dead
Rick's Father,https://rickandmorty.fandom.com/wiki/Rick%27s_Father,"['Rick Sanchez', 'Diane Sanchez', 'Beth Smith', ""Rick's Foal"", 'Jerry Smith', 'Sleepy Gary', 'Summer Smith', 'Morty Smith', 'Hemorrhage', 'Morty Jr.', 'Unity', 'Rick D. Sanchez III']",Human,unknown,Male,Dead
Rick's Foal,https://rickandmorty.fandom.com/wiki/Rick%27s_Foal,"['Rick Sanchez', 'Poñeta', 'Beth Smith', 'Jerry Smith', 'Morty Smith', 'Summer Smith', 'Morty Jr.', 'Naruto Smith', 'Hemorrhage', 'Chud King', ""Rick's Father""]",Humanoid,unknown,Genderless,Dead
Ricktiminus Sancheziminius,https://rickandmorty.fandom.com/wiki/Ricktiminus_Sancheziminius,"['Council of Ricks', 'Rick Sanchez', 'Rick Prime', 'Maximums Rickimus', 'Quantum Rick', 'Zeta Alpha Rick', 'Riq IV', 'The Scientist Formerly Known as Rick', 'Evil Rick Sanchez', 'Morty Smith', 'SEAL Team Ricks']",Human,unknown,Male,Dead
Riq IV,https://rickandmorty.fandom.com/wiki/Riq_IV,"['Council of Ricks', 'Rick Sanchez', 'Summer Smith', 'Morty Smith', 'Rick Prime', 'Maximums Rickimus', 'Quantum Rick', 'Zeta Alpha Rick', 'Ricktiminus Sancheziminius', 'The Scientist Formerly Known as Rick', 'Evil Rick Sanchez', 'SEAL Team Ricks']",Human,unknown,Male,Dead
Risotto Groupon,https://rickandmorty.fandom.com/wiki/Risotto_Groupon,"['Pom Poms', 'Jerry Smith', 'Rick Sanchez']",Alien,Resort Planet,Male,Dead
Robot Morty,https://rickandmorty.fandom.com/wiki/Robot_Morty,"['Robot Rick', 'Morty Smith']",Robot,unknown,Male,unknown
Robot Rick,https://rickandmorty.fandom.com/wiki/Robot_Rick,"['Robot Morty', 'Rick Sanchez']",Robot,unknown,Male,Dead
Robot Soldiers,https://rickandmorty.fandom.com/wiki/Robot_Soldiers,['Rick Sanchez'],Robot,unknown,Genderless,Dead
Roger,https://rickandmorty.fandom.com/wiki/Roger,['Dr. Xenon Bloom'],Human,Earth (C-137),Male,Dead
Ron Benson,https://rickandmorty.fandom.com/wiki/Ron_Benson,"['Nippalians', 'Unity']",Alien,Unity's Planet,Male,Dead
Rose,https://rickandmorty.fandom.com/wiki/Rose,"['Dale', ""Dale's Son"", 'Rick Sanchez', 'Morty Smith']",Giant,unknown,Female,Dead
Roy,https://rickandmorty.fandom.com/wiki/Roy,"['Morty Smith', 'Rick Sanchez']",Human,Roy: A Life Well Lived,Male,Dead
Ruben,https://rickandmorty.fandom.com/wiki/Ruben,"['Tammy Guterman', 'Birdperson', 'Squanchy', 'Mr. Poopybutthole', 'Krombopulos Michael', 'Mr. Meeseeks', 'Rick Sanchez', 'Dr. Xenon Bloom', 'Morty Smith', 'Annie', 'Jacob Philip', 'Ethan']",Human,Earth (C-137),Male,Dead
Running Bird,https://rickandmorty.fandom.com/wiki/Running_Bird,"['Maggie', 'Jeff', 'Richard']",Human,Earth (Replacement Dimension),Male,Dead
Salesman Rick,https://rickandmorty.fandom.com/wiki/Salesman_Rick,"['Courier Flap', 'Rick Sanchez']",Human,unknown,Male,unknown
Samantha,https://rickandmorty.fandom.com/wiki/Samantha,"['Mr. Meeseeks', 'Jerry Smith (Cronenberged dimension)']",Human,Earth (C-137),Female,Dead
Scary Brandon,https://rickandmorty.fandom.com/wiki/Scary_Brandon,"['Scary Terry', 'Scary Melissa']",Mythological Creature,Mr. Goldenfold's dream,Male,Dead
Scary Glenn,https://rickandmorty.fandom.com/wiki/Scary_Glenn,"['Scary Terry', 'Rick Sanchez']",Mythological Creature,Mr. Goldenfold's dream,Male,Dead
Scary Melissa,https://rickandmorty.fandom.com/wiki/Scary_Melissa,"['Scary Terry', 'Scary Brandon', 'Rick Sanchez', 'Morty Smith']",Scary,unknown,Female,Dead
Scary Terry,https://rickandmorty.fandom.com/wiki/Scary_Terry,"['Scary Melissa', 'Scary Brandon', 'Rick Sanchez', 'Morty Smith']",Mythological Creature,Mr. Goldenfold's dream,Male,Dead
Schlami,https://rickandmorty.fandom.com/wiki/Schlami,[],Humanoid,unknown,Genderless,Dead
Scroopy Noopers,https://rickandmorty.fandom.com/wiki/Scroopy_Noopers,"['Plutonian', 'King Flippy Nips', 'Jerry Smith', 'Morty Smith']",Alien,Pluto,Male,Alive
Scropon,https://rickandmorty.fandom.com/wiki/Scropon,"['Rick Sanchez', 'Morty Smith', 'Revolio Clockberg, Jr.', 'Birdperson', 'Tammy Guterman', 'Beth Smith', 'Gromflomites']",Alien,unknown,Male,Dead
Scrotians,https://rickandmorty.fandom.com/wiki/Scrotians,"['Cromulons', 'Birdperson', 'Tammy Guterman', 'Rick Sanchez', 'Logic']",Alien,unknown,Genderless,Dead
SEAL Team Ricks,https://rickandmorty.fandom.com/wiki/SEAL_Team_Ricks,"['Rick Sanchez (D-99)', 'Rick Sanchez', 'Council of Ricks', 'Gromflomites', 'Commander Rick']",Human,unknown,Male,Dead
Self-Congratulatory Jerry,https://rickandmorty.fandom.com/wiki/Self-Congratulatory_Jerry,['Jerry Smith'],Mythological Creature,Nuptia 4,Male,Dead
Semosites,https://rickandmorty.fandom.com/wiki/Semosites,"['Rick Sanchez', 'Morty Smith']",Alien,unknown,Genderless,Dead
Severnians,https://rickandmorty.fandom.com/wiki/Severnians,[],Alien,unknown,Genderless,Dead
Shadow Council of Ricks,https://rickandmorty.fandom.com/wiki/Shadow_Council_of_Ricks,"['Rick D. Sanchez III', 'Garment District Rick', 'Council of Ricks', 'Evil Morty', 'Sheikh Rick']",Human,unknown,Genderless,Dead
Sheikh Rick,https://rickandmorty.fandom.com/wiki/Sheikh_Rick,['Shadow Council of Ricks'],Human,unknown,Male,Dead
Shimshamians,https://rickandmorty.fandom.com/wiki/Shimshamians,[],Alien,unknown,Genderless,Dead
Shleemypants,https://rickandmorty.fandom.com/wiki/Shleemypants,"['Rick Sanchez', 'Chris']",Alien,unknown,Male,Dead
Shmlamantha Shmlicelli,https://rickandmorty.fandom.com/wiki/Shmlamantha_Shmlicelli,[],Human,unknown,Female,Alive
Shmlangela Shmlobinson-Shmlower,https://rickandmorty.fandom.com/wiki/Shmlangela_Shmlobinson-Shmlower,[],Human,unknown,Female,Alive
Shmlona Shmlobinson,https://rickandmorty.fandom.com/wiki/Shmlona_Shmlobinson,[],Human,unknown,Female,Alive
Shmlonathan Shmlower,https://rickandmorty.fandom.com/wiki/Shmlonathan_Shmlower,[],Human,unknown,Male,Alive
Shmlony Shmlicelli,https://rickandmorty.fandom.com/wiki/Shmlony_Shmlicelli,[],Human,unknown,Male,Alive
Shmooglite Runner,https://rickandmorty.fandom.com/wiki/Shmooglite_Runner,"['Rick Sanchez', 'Gibble Snake']",Alien,Resort Planet,Male,Dead
Shnoopy Bloopers,https://rickandmorty.fandom.com/wiki/Shnoopy_Bloopers,['Rick Sanchez'],Alien,unknown,Male,Dead
Shrimp Rick,https://rickandmorty.fandom.com/wiki/Shrimp_Rick,['Rick Sanchez'],Shrimp,Earth (Shrimp Universe),Male,Dead
Shrimply Pibbles,https://rickandmorty.fandom.com/wiki/Shrimply_Pibbles,"['Jerry Smith', 'Old Reptile']",Alien,unknown,Male,Dead
Simon,https://rickandmorty.fandom.com/wiki/Simon,"['The President', 'Cromulons', 'General Nathan', 'Rick Sanchez']",Human,Earth (Replacement Dimension),Male,Dead
Simple Rick,https://rickandmorty.fandom.com/wiki/Simple_Rick,"['Diane Sanchez', 'Rick D. Sanchez III', 'Rick Sanchez', 'Rick Sanchez (J-22)', 'Regional Manager Rick']",Human,unknown,Male,Dead
Simulation Morty,https://rickandmorty.fandom.com/wiki/Simulation_Morty,"['Morty Smith', 'Rick Sanchez']",Human,unknown,Male,unknown
Sleepy Gary,https://rickandmorty.fandom.com/wiki/Sleepy_Gary,"['Memory Parasites', 'Beth Smith', 'Jerry Smith', 'Summer Smith', 'Morty Smith', 'Rick Sanchez', 'Diane Sanchez', ""Rick's Father"", 'Hemorrhage', 'Gwendolyn', 'Morty Jr.', 'Mr. Beauregard']",Alien,unknown,Male,Dead
Slick Morty,https://rickandmorty.fandom.com/wiki/Slick_Morty,"['Teacher Rick', 'Glasses Morty']",Human,unknown,Male,Dead
Slippery Stair,https://rickandmorty.fandom.com/wiki/Slippery_Stair,"['Morty Smith', 'Rick Sanchez']",Mythological Creature,Fantasy World,Male,Dead
Slow Mobius,https://rickandmorty.fandom.com/wiki/Slow_Mobius,"['Rick Sanchez', 'Morty Smith', 'Jessica']",Humanoid,unknown,Male,Dead
Slow Rick,https://rickandmorty.fandom.com/wiki/Slow_Rick,"['Teacher Rick', 'Rick Sanchez', 'Lucius Needful']",Human,unknown,Male,Alive
Smarkians,https://rickandmorty.fandom.com/wiki/Smarkians,[],Humanoid,unknown,Genderless,unknown
Snuffles,https://rickandmorty.fandom.com/wiki/Snuffles,"['Morty Smith', 'Rick Sanchez', 'Jerry Smith']",Animal,Story Train,Male,Dead
Solicitor Rick,https://rickandmorty.fandom.com/wiki/Solicitor_Rick,"['Rick Sanchez', 'Morty Smith', 'Council of Ricks', 'Gromflomites']",Human,unknown,Male,Dead
Space Cruiser,https://rickandmorty.fandom.com/wiki/Space_Cruiser,[],Robot,Earth (Replacement Dimension),Female,Alive
Sperm Queen,https://rickandmorty.fandom.com/wiki/Sperm_Queen,"['Morty Smith', 'Sticky', 'Rick Sanchez', 'Jerry Smith', 'Beth Smith', 'Summer Smith']",Space Sperm,Morty,Female,Dead
Squanchy,https://rickandmorty.fandom.com/wiki/Squanchy,"['Rick Sanchez', 'Tammy Guterman', 'Birdperson']",Alien,Planet Squanch,Male,unknown
Squeeb,https://rickandmorty.fandom.com/wiki/Squeeb,"['Gaia', 'Reggie', 'Ticktock', 'Florflok', 'Rick Sanchez', 'Beth Smith', 'Jerry Smith']",Humanoid,Gaia,Male,Dead
Stacy,https://rickandmorty.fandom.com/wiki/Stacy,"['Morty Smith', 'Rick Sanchez', 'Toxic Rick', 'Toxic Morty']",Human,Earth (Replacement Dimension),Female,Dead
Stair Goblins,https://rickandmorty.fandom.com/wiki/Stair_Goblins,[],Alien,unknown,Genderless,Dead
Stealy,https://rickandmorty.fandom.com/wiki/Stealy,['Mr. Poopybutthole'],Poopybutthole,unknown,Male,Dead
Steve (Mortyplicity),https://rickandmorty.fandom.com/wiki/Steve_(Mortyplicity),"['The President', 'Rick Sanchez']",Human,unknown,Male,Dead
Steven Phillips,https://rickandmorty.fandom.com/wiki/Steven_Phillips,"['Nippalians', 'Unity', 'Summer Smith', 'Morty Smith']",Alien,Unity's Planet,Male,Dead
Steven Smith,https://rickandmorty.fandom.com/wiki/Steven_Smith,"['Memory Parasites', 'Leonard Smith', 'Joyce Smith', 'Jerry Smith', 'Unnamed Uncle', 'Beth Smith', 'Summer Smith', 'Morty Smith', 'Hemorrhage', 'Gwendolyn', 'Morty Jr.', 'Rick Sanchez']",Parasite,unknown,Male,Dead
Sticky,https://rickandmorty.fandom.com/wiki/Sticky,"['Naruto Smith', 'Sperm Queen', 'Morty Smith', 'Rick Sanchez', 'Jerry Smith', 'Beth Smith', 'Summer Smith']",Space Sperm,Morty,Male,Dead
Story Lord,https://rickandmorty.fandom.com/wiki/Story_Lord,"['Rick Sanchez', 'Morty Smith', 'Jesus Christ']",Human,unknown,Male,Dead
Stu,https://rickandmorty.fandom.com/wiki/Stu,"['Prince Nebulon', 'Rick Sanchez', 'Jerry Smith', 'Morty Smith']",Alien,Zigerion,Male,Dead
Submarine Nazi,https://rickandmorty.fandom.com/wiki/Submarine_Nazi,['Mr. Beauregard'],Human,unknown,Male,Dead
Summer Smith,https://rickandmorty.fandom.com/wiki/Summer_Smith,"['Jerry Smith', 'Beth Smith', 'Morty Smith (Replacement Dimension)', 'Morty Smith', 'Naruto Smith', 'Leonard Smith', 'Joyce Smith', 'Unnamed Uncle', 'Rick Sanchez (Replacement Dimension)', 'Rick Sanchez', 'Diane Sanchez', ""Rick's Father"", 'Hemorrhage', 'Gwendolyn', 'Morty Jr.', 'Ethan', 'Frank Palicky', 'Toby Matthews', 'Nancy', 'Grace', 'Tricia Lange', 'Snuffles', 'Lucius Needful', 'Daphne', 'Tammy Guterman', 'Birdperson', 'Jacob Philip', 'Tiny Rick', 'Bruce Chutback', 'Summer Smith (Cronenberged dimension)']",Human,Earth (C-137),Female,Dead
Summer Smith (Cronenberged dimension),https://rickandmorty.fandom.com/wiki/Summer_Smith_(Cronenberged_dimension),"['Jerry Smith (Cronenberged dimension)', 'Morty Smith', 'Leonard Smith', 'Joyce Smith', 'Unnamed Uncle', 'Rick Sanchez', 'Diane Sanchez', ""Rick's Father"", 'Ethan', 'Frank Palicky', 'Summer Smith', 'Snuffles', 'Cronenberg Morty', 'Space Cruiser', 'Tammy Guterman', 'Nancy', 'Jacob Philip', 'Jerry Smith', 'Beth Smith']",Human,unknown,Female,Dead
Summer Smith (Evil Rick's Target Dimension),https://rickandmorty.fandom.com/wiki/Summer_Smith_(Evil_Rick%27s_Target_Dimension),"[""Jerry Smith (Evil Rick's Target Dimension)"", ""Beth Smith (Evil Rick's Target Dimension)"", ""Morty Smith (Evil Rick's Target Dimension)"", ""Rick Sanchez (Evil Rick's Target Dimension)"", 'Summer Smith', 'Evil Rick Sanchez', 'Evil Morty']",Human,unknown,Female,Dead
Summer Smith (Goldenfold's Dream),https://rickandmorty.fandom.com/wiki/Summer_Smith_(Goldenfold%27s_Dream),"['Mr. Goldenfold', 'Mrs. Pancakes', 'Morty Smith', 'Rick Sanchez']",Human,Mr. Goldenfold's dream,Female,Dead
Summer's Boyfriend,https://rickandmorty.fandom.com/wiki/Summer%27s_Boyfriend,['Summer Smith'],Human,unknown,Male,Dead
Summer's Girlfriend,https://rickandmorty.fandom.com/wiki/Summer%27s_Girlfriend,['Summer Smith'],Human,unknown,Female,Dead
Supernova,https://rickandmorty.fandom.com/wiki/Supernova,"['Alan Rails', 'Million Ants', 'Noob-Noob', 'Vance Maximus', 'Revolio Clockberg, Jr.']",Human,unknown,Female,Dead
Supreme Guard Ricks,https://rickandmorty.fandom.com/wiki/Supreme_Guard_Ricks,[],Human,unknown,Male,Dead
Taddy Mason,https://rickandmorty.fandom.com/wiki/Taddy_Mason,"['Rick Sanchez', 'Morty Smith']",Human,Earth (Replacement Dimension),Male,Dead
Taint Washer,https://rickandmorty.fandom.com/wiki/Taint_Washer,"['Lord Henderfinger', 'Genital Washer', 'Morty Smith', 'Armothy']",Human,Post-Apocalyptic Earth,Male,Dead
Talking Cat,https://rickandmorty.fandom.com/wiki/Talking_Cat,"['Jerry Smith', 'Rick Sanchez', 'Balthromaw']",Animal,unknown,Male,Dead
Tammy Guterman,https://rickandmorty.fandom.com/wiki/Tammy_Guterman,"['Jerry Smith', 'Birdperson', 'Pat Guterman', 'Donna Guterman', ""Birdperson's Daughter"", 'Summer Smith', 'Mr. Meeseeks', 'Rick Sanchez', 'Brad', 'Morty Smith', 'Squanchy']",Human,unknown,Female,Dead
Task Force Alpha,https://rickandmorty.fandom.com/wiki/Task_Force_Alpha,['The President'],Human,unknown,Genderless,unknown
Teacher Rick,https://rickandmorty.fandom.com/wiki/Teacher_Rick,"['Rick Sanchez', 'Lizard Morty', 'Slick Morty', 'Glasses Morty', 'Slow Rick', 'Maximums Rickimus']",Human,unknown,Male,Dead
Terry,https://rickandmorty.fandom.com/wiki/Terry,"['Scary Terry', 'Cromulons']",Human,Earth (Replacement Dimension),Male,Dead
Terryfolds,https://rickandmorty.fandom.com/wiki/Terryfolds,[],Alien,unknown,Genderless,unknown
The Garage,https://rickandmorty.fandom.com/wiki/The_Garage,"['Rick Sanchez', 'Space Cruiser', 'Summer Smith', 'Morty Smith', 'Jessica']",Robot,unknown,Genderless,unknown
The Little Girl,https://rickandmorty.fandom.com/wiki/The_Little_Girl,"['Centaur', 'Mrs. Pancakes', 'Mr. Goldenfold', 'Scary Terry']",Dream Human,unknown,Female,Dead
The One True Morty,https://rickandmorty.fandom.com/wiki/The_One_True_Morty,"['Morty Smith', 'Evil Rick Sanchez']",Divine Entity,unknown,Male,unknown
The President,https://rickandmorty.fandom.com/wiki/The_President,"['General Nathan', 'Cromulons', 'Rick Sanchez', 'Morty Smith', 'Water-T', 'Snuffles', 'Naruto Smith']",Human,Earth (Replacement Dimension),Male,Dead
The President of the Miniverse,https://rickandmorty.fandom.com/wiki/The_President_of_the_Miniverse,"['Zeep Xanflorp', 'Chris (The Ricks Must Be Crazy)', 'Kyle', 'Rick Sanchez']",Humanoid,Zeep Xanflorp's Miniverse,Male,Dead
The Scientist Formerly Known as Rick,https://rickandmorty.fandom.com/wiki/The_Scientist_Formerly_Known_as_Rick,"['Council of Ricks', 'Rick Sanchez', 'Evil Rick Sanchez', 'Evil Morty']",Human,unknown,Male,Dead
Thomas Lipnip,https://rickandmorty.fandom.com/wiki/Thomas_Lipnip,"[""Tommy's Clone"", 'Joseph Lipnip', 'Mrs. Lipnip', 'Beth Smith', 'Rick Sanchez']",Human,unknown,Male,Dead
Three Unknown Things,https://rickandmorty.fandom.com/wiki/Three_Unknown_Things,"['Piece of Toast', 'Two Guys with Handlebar Mustaches', 'Man Painted Silver Who Makes Robot Noises', 'Garmanarnar', 'Hole in the Wall Where the Men Can See it All', 'Bobby Moynihan']",Alien,unknown,Genderless,Alive
Ticktock,https://rickandmorty.fandom.com/wiki/Ticktock,"['Gaia', 'Reggie', 'Florflok', 'Squeeb', 'Rick Sanchez', 'Beth Smith', 'Jerry Smith']",Humanoid,Gaia,Male,Dead
Time Bird,https://rickandmorty.fandom.com/wiki/Time_Bird,[],Bird Person,unknown,Genderless,unknown
Tinkles,https://rickandmorty.fandom.com/wiki/Tinkles,['Memory Parasites'],Alien,unknown,Female,Dead
Tiny Rick,https://rickandmorty.fandom.com/wiki/Tiny_Rick,"['Rick Sanchez', 'Morty Smith', 'Coach Feratu']",Human,Earth (Replacement Dimension),Male,Dead
Toby Matthews,https://rickandmorty.fandom.com/wiki/Toby_Matthews,"['Summer Smith', 'Tiny Rick', 'Ethan']",Human,Earth (Replacement Dimension),Male,Dead
Todd Crystal,https://rickandmorty.fandom.com/wiki/Todd_Crystal,"['Nippalians', 'Unity']",Alien,Unity's Planet,Male,Alive
Tommy's Clone,https://rickandmorty.fandom.com/wiki/Tommy%27s_Clone,"['Thomas Lipnip', 'The Garage', 'Joseph Lipnip', 'Mrs. Lipnip', 'Beth Smith', 'Rick Sanchez']",Human,Earth (Replacement Dimension),Male,Dead
Tony's Wife,https://rickandmorty.fandom.com/wiki/Tony%27s_Wife,['Rick Sanchez'],Alien,unknown,Female,Dead
Tophat Jones,https://rickandmorty.fandom.com/wiki/Tophat_Jones,[],Mythological Creature,unknown,Male,Dead
Tortured Mortys,https://rickandmorty.fandom.com/wiki/Tortured_Mortys,"['Evil Rick Sanchez', 'Morty Smith', 'Rick Sanchez']",Human,unknown,Male,unknown
Tough Rat,https://rickandmorty.fandom.com/wiki/Tough_Rat,['Rick Sanchez'],Animal,Earth (Replacement Dimension),Genderless,Dead
Toxic Morty,https://rickandmorty.fandom.com/wiki/Toxic_Morty,"['Toxic Rick', 'Morty Smith', 'Rick Sanchez', 'Healthy Rick']",Humanoid,Detoxifier,Male,Dead
Toxic Rick,https://rickandmorty.fandom.com/wiki/Toxic_Rick,"['Toxic Morty', 'Rick Sanchez', 'Healthy Rick', 'Morty Smith', 'Stacy', 'Space Cruiser']",Humanoid,Detoxifier,Male,Dead
Traflorkians,https://rickandmorty.fandom.com/wiki/Traflorkians,"['Rick Sanchez', 'Dr. Glip-Glop', 'Jerry Smith']",Alien,unknown,Genderless,unknown
Trandor,https://rickandmorty.fandom.com/wiki/Trandor,"['Kiara', 'Morty Smith']",Alien,Krootabulon,Male,Dead
Tricia Lange,https://rickandmorty.fandom.com/wiki/Tricia_Lange,"['Ethan', 'Summer Smith', 'Morty Smith', 'Jessica', 'Holly Hooks', 'Brad', 'Nancy', 'Jerry Smith', 'Tammy Guterman']",Human,Earth (Replacement Dimension),Female,Dead
Trunk Morty,https://rickandmorty.fandom.com/wiki/Trunk_Morty,"['Trunk People', 'Morty Smith', 'Evil Morty', 'Crystallized Morty', 'Michael Denny and the Denny Singers']",Humanoid,Trunk World,Male,Dead
Trunk People,https://rickandmorty.fandom.com/wiki/Trunk_People,"['Trunk Morty', 'Morty Smith']",Alien,unknown,Genderless,unknown
Truth Tortoise,https://rickandmorty.fandom.com/wiki/Truth_Tortoise,"['Rick Sanchez', 'Morty Smith']",Mythological Creature,unknown,Male,Dead
Tumblorkians,https://rickandmorty.fandom.com/wiki/Tumblorkians,['Shrimply Pibbles'],Alien,unknown,Genderless,Dead
Tusked Assassin,https://rickandmorty.fandom.com/wiki/Tusked_Assassin,"['Risotto Groupon', 'Rick Sanchez', 'Jerry Smith', 'Gibble Snake']",Alien,Resort Planet,Male,Dead
Two Crows,https://rickandmorty.fandom.com/wiki/Two_Crows,"['Crowscare', 'Rick Sanchez', 'Morty Smith']",Animal,Earth (Replacement Dimension),Male,Dead
Two Guys with Handlebar Mustaches,https://rickandmorty.fandom.com/wiki/Two_Guys_with_Handlebar_Mustaches,"['Piece of Toast', 'Man Painted Silver Who Makes Robot Noises', 'Garmanarnar', 'Three Unknown Things', 'Hole in the Wall Where the Men Can See it All', 'Bobby Moynihan']",Human,unknown,Male,Alive
Unity,https://rickandmorty.fandom.com/wiki/Unity,"['Rick Sanchez', 'Beta-Seven', 'Morty Smith', 'Nippalians']",Alien,unknown,Genderless,Alive
Unmuscular Michaels,https://rickandmorty.fandom.com/wiki/Unmuscular_Michaels,[],Human,unknown,Male,unknown
Unnamed Uncle,https://rickandmorty.fandom.com/wiki/Unnamed_Uncle,"['Joyce Smith', 'Steven Smith', 'Jerry Smith', 'Beth Smith', 'Summer Smith', 'Morty Smith', 'Hemorrhage', 'Gwendolyn', 'Morty Jr.']",Human,unknown,Male,Dead
Vampire Master,https://rickandmorty.fandom.com/wiki/Vampire_Master,['Coach Feratu'],Mythological Creature,Earth (Replacement Dimension),Male,Dead
Vance Maximus,https://rickandmorty.fandom.com/wiki/Vance_Maximus,"['Morty Smith', 'Worldender']",Human,unknown,Male,Dead
Ventriloquiver,https://rickandmorty.fandom.com/wiki/Ventriloquiver,[],Humanoid,Plitzville Montana,Female,Alive
Vermigurber,https://rickandmorty.fandom.com/wiki/Vermigurber,[],Alien,unknown,Male,Dead
Visor Rick,https://rickandmorty.fandom.com/wiki/Visor_Rick,"['Rick Sanchez', 'Morty Smith', 'Council of Ricks']",Human,unknown,Male,Dead
Voltamatron,https://rickandmorty.fandom.com/wiki/Voltamatron,['Morty Smith'],Alien,unknown,Genderless,Dead
Vulvorvians,https://rickandmorty.fandom.com/wiki/Vulvorvians,['Rick Sanchez'],Alien,unknown,Genderless,unknown
Warlord of Titan,https://rickandmorty.fandom.com/wiki/Warlord_of_Titan,"['Morty Smith', 'Summer Smith', 'Beth Smith', 'Rick Sanchez', 'Jerry Smith', 'Warlord of Titan']",Alien,unknown,Genderless,Dead
Wasp Rick,https://rickandmorty.fandom.com/wiki/Wasp_Rick,"['Rick Sanchez', 'Mr. Goldenfold (Wasp Universe)', 'Hologram Rick']",Animal,Earth (Wasp Dimension),Male,Dead
Water-T,https://rickandmorty.fandom.com/wiki/Water-T,"['Helium-Q', 'Cromulons', 'The President', 'Rick Sanchez', 'Morty Smith', 'Numbericons']",Alien,unknown,Male,Dead
Wedding Bartender,https://rickandmorty.fandom.com/wiki/Wedding_Bartender,"['Tammy Guterman', 'Birdperson', 'Rick Sanchez', 'Morty Smith']",Alien,unknown,Male,Dead
Weird Rick,https://rickandmorty.fandom.com/wiki/Weird_Rick,"['Diane Sanchez', 'Rick Sanchez', 'Beth Sanchez (C-137)', 'Morty Smith']",Human,unknown,Male,Dead
Western Morty,https://rickandmorty.fandom.com/wiki/Western_Morty,"['Council of Ricks', 'Western Rick', 'Morty Smith', 'Rick Sanchez']",Human,unknown,Male,Dead
Western Rick,https://rickandmorty.fandom.com/wiki/Western_Rick,"['Council of Ricks', 'Western Morty', 'Rick Sanchez', 'Morty Smith', 'Salesman Rick', 'Afro Rick']",Human,unknown,Male,Dead
Wharborgarbors,https://rickandmorty.fandom.com/wiki/Wharborgarbors,"['Morty Smith', 'Abrodolph Lincoler']",Monster,unknown,Genderless,Dead
Woman Rick,https://rickandmorty.fandom.com/wiki/Woman_Rick,"['Rick Sanchez', 'Morty Smith', 'Council of Ricks']",Alien,unknown,Female,Alive
Worldender,https://rickandmorty.fandom.com/wiki/Worldender,"['Vance Maximus', 'Rick Sanchez']",Alien,unknown,Male,Dead
Xing Ho,https://rickandmorty.fandom.com/wiki/Xing_Ho,"['Planetina', 'Morty Smith', 'Eddie']",Human,Earth (Replacement Dimension),Female,Dead
Xorjhans,https://rickandmorty.fandom.com/wiki/Xorjhans,[],Alien,unknown,Genderless,unknown
Yaarb,https://rickandmorty.fandom.com/wiki/Yaarb,"['Shrimply Pibbles', 'Jerry Smith']",Alien,unknown,Male,Dead
Yellow Headed Doctor,https://rickandmorty.fandom.com/wiki/Yellow_Headed_Doctor,['Shrimply Pibbles'],Alien,unknown,Male,Alive
Yellow Shirt Rick,https://rickandmorty.fandom.com/wiki/Yellow_Shirt_Rick,"['Blue Shirt Morty', 'Rick Sanchez', 'Morty Smith', 'Council of Ricks']",Human,unknown,Male,Dead
Zarbadar Gloonch,https://rickandmorty.fandom.com/wiki/Zarbadar_Gloonch,"['Gar Gloonch', 'Unity']",Alien,unknown,Female,Dead
Zarbadar's Mytholog,https://rickandmorty.fandom.com/wiki/Zarbadar%27s_Mytholog,"['Gar Gloonch', 'Zarbadar Gloonch']",Mythological Creature,Nuptia 4,Female,Dead
Zeep Xanflorp,https://rickandmorty.fandom.com/wiki/Zeep_Xanflorp,"['Rick Sanchez', 'Chris (The Ricks Must Be Crazy)', 'Space Cruiser', 'Kyle', 'Chris']",Humanoid,Rick's Battery Microverse,Male,Dead
Zerillians,https://rickandmorty.fandom.com/wiki/Zerillians,['Jerry Smith'],Alien,unknown,Genderless,unknown
Zeta Alpha Rick,https://rickandmorty.fandom.com/wiki/Zeta_Alpha_Rick,"['Council of Ricks', 'Rick Sanchez', 'Rick Prime', 'Maximums Rickimus', 'Quantum Rick', 'Riq IV', 'Ricktiminus Sancheziminius', 'The Scientist Formerly Known as Rick', 'Evil Rick Sanchez', 'Morty Smith', 'SEAL Team Ricks']",Human,unknown,Male,Dead
Jerry Smith,https://rickandmorty.fandom.com/wiki/Jerry_Smith,"['Beth Smith', 'Summer Smith', 'Morty Smith (Replacement Dimension)', 'Morty Smith', 'Morty Jr.', 'Naruto Smith', 'Rick Sanchez (Replacement Dimension)', 'Rick Sanchez', 'Diane Sanchez', ""Rick's Father"", 'Hemorrhage', 'Gwendolyn', 'Leonard Smith', 'Joyce Smith', 'Unnamed Uncle', 'Sleepy Gary', 'Kiara', 'Jerry Smith (Cronenberged dimension)', 'Mr. Meeseeks', 'King Flippy Nips', 'Plutonian', 'Risotto Groupon', 'Tammy Guterman', 'Ethan', 'Doofus Rick', 'Shrimply Pibbles']",Human,Earth (C-137),Male,Dead
Morty Smith,https://rickandmorty.fandom.com/wiki/Morty_Smith,"['Jerry Smith (Cronenberged dimension)', 'Summer Smith (Cronenberged dimension)', 'Morty Jr.', 'Rick Sanchez', 'Diane Sanchez', 'Leonard Smith', 'Joyce Smith', 'Jerry Smith', 'Beth Smith', 'Summer Smith', 'Unnamed Uncle', 'Gwendolyn', 'Naruto Smith', 'Jessica', 'Annie', 'Arthricia', 'Stacy', 'Jacqueline', ""Morty's Girlfriend"", 'Planetina', 'Birdperson', 'Diseases', 'Fart', 'Bootleg Portal Chemist Rick', 'Nick', 'Scroopy Noopers', 'Tina-Teers', 'Eddie', 'Mr. Goldenfold', 'Tiny Rick', 'Ethan', 'Thomas Lipnip', 'Snuffles', 'Brad', 'Zeep Xanflorp', 'Lighthouse Keeper']",Human,Earth (C-137),Male,Dead
Evil Morty,https://rickandmorty.fandom.com/wiki/Evil_Morty,"['Morty Smith (304-X)', 'Evil Rick Sanchez', 'Morty Smith', 'Rick Sanchez', 'Shadow Council of Ricks', 'Council of Ricks', 'Investigator Rick', 'Story Lord']",Humanoid,unknown,Male,Dead
Birdperson,https://rickandmorty.fandom.com/wiki/Birdperson,"['Rick Sanchez', 'Tammy Guterman', 'Squanchy', 'Morty Smith', 'Summer Smith', 'The Garage', 'Beth Smith', 'Gromflomites']",Bird Person,Bird World,Male,Dead
Memory Rick,https://rickandmorty.fandom.com/wiki/Memory_Rick,"['Birdperson', 'Rick Sanchez (Replacement Dimension)', 'Tammy Guterman', 'Morty Smith']",Sentient Memory (Human appearance),Birdperson's mind,Male,Dead
Chris,https://rickandmorty.fandom.com/wiki/Chris,"['Chris (The Ricks Must Be Crazy)', 'Shleemypants']",Alien,unknown,Genderless,Dead
Cynthia,https://rickandmorty.fandom.com/wiki/Cynthia,"['Cynthia (Rixty Minutes)', 'Prince Nebulon', 'Rick Sanchez']",Zigerion,Zigerion,Female,Dead
Glenn,https://rickandmorty.fandom.com/wiki/Glenn,"['Gromflomites', 'Glenn (Rixty Minutes)', 'Morty Smith', 'Rick Sanchez']",Gromflomite,unknown,Male,Dead
